,AA_name,AA_num,FMN,GOL, BR,water_distance, CL
0,MET,1,,,,,
1,GLU,2,,,,,
2,ALA,3,,,,,
3,ALA,4,,,,,
4,HIS,5,,,,,
5,SER,6,,,,,
6,LYS,7,,,,,
7,SER,8,,,,,
8,THR,9,,,,,
9,GLU,10,,,,,
10,GLU,11,,,,,
11,CYS,12,,,,,
12,LEU,13,,,,,
13,ALA,14,,,,,
14,TYR,15,,,,,
15,PHE,16,,,,,
16,GLY,17,,,,,
17,VAL,18,,,,,
18,SER,19,,,,,
19,GLU,20,,,,,
20,THR,21,,,,,
21,THR,22,,,,,
22,GLY,23,,,,,
23,LEU,24,,,,,
24,THR,25,,,,,
25,PRO,26,,,,,
26,ASP,27,,,,,
27,GLN,28,,,,,
28,VAL,29,,,,,
29,LYS,30,,,,,
30,ARG,31,,,,,
31,HIS,32,,,,,
32,LEU,33,,,,,
33,GLU,34,,,,,
34,LYS,35,,,,,
35,TYR,36,,,,,
36,GLY,37,,,,,
37,HIS,38,,,,,
38,ASN,39,,,,,
39,GLU,40,,,,,
40,LEU,41,,,,,
41,PRO,42,,,,,
42,ALA,43,,,,,
43,GLU,44,,,,,
44,GLU,45,,,,,
45,GLY,46,,,,,
46,LYS,47,,,,,
47,SER,48,,,,,
48,LEU,49,,,,,
49,TRP,50,,,,,
50,GLU,51,,,,,
51,LEU,52,,,,,
52,VAL,53,,,,,
53,ILE,54,,,,,
54,GLU,55,,,,,
55,GLN,56,,,,,
56,PHE,57,,,,,
57,GLU,58,,,,,
58,ASP,59,,,,,
59,LEU,60,,,,,
60,LEU,61,,,,,
61,VAL,62,,,,,
62,ARG,63,,,,,
63,ILE,64,,,,,
64,LEU,65,,,,,
65,LEU,66,,,,,
66,LEU,67,,,,,
67,ALA,68,,,,,
68,ALA,69,,,,,
69,CYS,70,,,,,
70,ILE,71,,,,,
71,SER,72,,,,,
72,PHE,73,,,,,
73,VAL,74,,,,,
74,LEU,75,,,,,
75,ALA,76,,,,,
76,TRP,77,,,,,
77,PHE,78,,,,,
78,GLU,79,,,,,
79,GLU,80,,,,,
80,GLY,81,,,,,
81,GLU,82,,,,,
82,GLU,83,,,,,
83,THR,84,,,,,
84,ILE,85,,,,,
85,THR,86,,,,,
86,ALA,87,,,,,
87,PHE,88,,,,,
88,VAL,89,,,,,
89,GLU,90,,,,,
90,PRO,91,,,,,
91,PHE,92,,,,,
92,VAL,93,,,,,
93,ILE,94,,,,,
94,LEU,95,,,,,
95,LEU,96,,,,,
96,ILE,97,,,,,
97,LEU,98,,,,,
98,ILE,99,,,,,
99,ALA,100,,,,,
100,ASN,101,,,,,
101,ALA,102,,,,,
102,ILE,103,,,,,
103,VAL,104,,,,,
104,GLY,105,,,,,
105,VAL,106,,,,,
106,TRP,107,,,,,
107,GLN,108,,,,,
108,GLU,109,,,,,
109,ARG,110,,,,,
110,ASN,111,,,,,
111,ALA,112,,,,,
112,GLU,113,,,,,
113,ASN,114,,,,,
114,ALA,115,,,,,
115,ILE,116,,,,,
116,GLU,117,,,,,
117,ALA,118,,,,,
118,LEU,119,,,,,
119,LYS,120,,,,,
120,GLU,121,,,,,
121,TYR,122,,,,,
122,GLU,123,,,,,
123,PRO,124,,,,,
124,GLU,125,,,,,
125,MET,126,,,,,
126,GLY,127,,,,,
127,LYS,128,,,,,
128,VAL,129,,,,,
129,TYR,130,,,,,
130,ARG,131,,,,,
131,ALA,132,,,,,
132,ASP,133,,,,,
133,ARG,134,,,,,
134,LYS,135,,,,,
135,SER,136,,,,,
136,VAL,137,,,,,
137,GLN,138,,,,,
138,ARG,139,,,,,
139,ILE,140,,,,,
140,LYS,141,,,,,
141,ALA,142,,,,,
142,ARG,143,,,,,
143,ASP,144,,,,,
144,ILE,145,,,,,
145,VAL,146,,,,,
146,PRO,147,,,,,
147,GLY,148,,,,,
148,ASP,149,,,,,
149,ILE,150,,,,,
150,VAL,151,,,,,
151,GLU,152,,,,,
152,VAL,153,,,,,
153,ALA,154,,,,,
154,VAL,155,,,,,
155,GLY,156,,,,,
156,ASP,157,,,,,
157,LYS,158,,,,,
158,VAL,159,,,,,
159,PRO,160,,,,,
160,ALA,161,,,,,
161,ASP,162,,,,,
162,ILE,163,,,,,
163,ARG,164,,,,,
164,ILE,165,,,,,
165,LEU,166,,,,,
166,SER,167,,,,,
167,ILE,168,,,,,
168,LYS,169,,,,,
169,SER,170,,,,,
170,THR,171,,,,,
171,THR,172,,,,,
172,LEU,173,,,,,
173,ARG,174,,,,,
174,VAL,175,,,,,
175,ASP,176,,,,,
176,GLN,177,,,,,
177,SER,178,,,,,
178,ILE,179,,,,,
179,LEU,180,,,,,
180,THR,181,,,,,
181,GLY,182,,,,,
182,GLU,183,,,,,
183,SER,184,,,,,
184,VAL,185,,,,,
185,SER,186,,,,,
186,VAL,187,,,,,
187,ILE,188,,,,,
188,LYS,189,,,,,
189,HIS,190,,,,,
190,THR,191,,,,,
191,GLU,192,,,,,
192,PRO,193,,,,,
193,VAL,194,,,,,
194,PRO,195,,,,,
195,ASP,196,,,,,
196,PRO,197,,,,,
197,ARG,198,,,,,
198,ALA,199,,,,,
199,VAL,200,,,,,
200,ASN,201,,,,,
201,GLN,202,,,,,
202,ASP,203,,,,,
203,LYS,204,,,,,
204,LYS,205,,,,,
205,ASN,206,,,,,
206,MET,207,,,,,
207,LEU,208,,,,,
208,PHE,209,,,,,
209,SER,210,,,,,
210,GLY,211,,,,,
211,THR,212,,,,,
212,ASN,213,,,,,
213,ILE,214,,,,,
214,ALA,215,,,,,
215,ALA,216,,,,,
216,GLY,217,,,,,
217,LYS,218,,,,,
218,ALA,219,,,,,
219,LEU,220,,,,,
220,GLY,221,,,,,
221,ILE,222,,,,,
222,VAL,223,,,,,
223,ALA,224,,,,,
224,THR,225,,,,,
225,THR,226,,,,,
226,GLY,227,,,,,
227,VAL,228,,,,,
228,SER,229,,,,,
229,THR,230,,,,,
230,GLU,231,,,,,
231,ILE,232,,,,,
232,GLY,233,,,,,
233,LYS,234,,,,,
234,ILE,235,,,,,
235,ARG,236,,,,,
236,ASP,237,,,,,
237,GLN,238,,,,,
238,MET,239,,,,,
239,ALA,240,,,,,
240,ALA,241,,,,,
241,THR,242,,,,,
242,GLU,243,,,,,
243,GLN,244,,,,,
244,ASP,245,,,,,
245,LYS,246,,,,,
246,THR,247,,,,,
247,PRO,248,,,,,
248,LEU,249,,,,,
249,GLN,250,,,,,
250,GLN,251,,,,,
251,LYS,252,,,,,
252,LEU,253,,,,,
253,ASP,254,,,,,
254,GLU,255,,,,,
255,PHE,256,,,,,
256,GLY,257,,,,,
257,GLU,258,,,,,
258,GLN,259,,,,,
259,LEU,260,,,,,
260,SER,261,,,,,
261,LYS,262,,,,,
262,VAL,263,,,,,
263,ILE,264,,,,,
264,SER,265,,,,,
265,LEU,266,,,,,
266,ILE,267,,,,,
267,CYS,268,,,,,
268,VAL,269,,,,,
269,ALA,270,,,,,
270,VAL,271,,,,,
271,TRP,272,,,,,
272,LEU,273,,,,,
273,ILE,274,,,,,
274,ASN,275,,,,,
275,ILE,276,,,,,
276,GLY,277,,,,,
277,HIS,278,,,,,
278,PHE,279,,,,,
279,ASN,280,,,,,
280,ASP,281,,,,,
281,PRO,282,,,,,
282,VAL,283,,,,,
283,HIS,284,,,,,
284,GLY,285,,,,,
285,GLY,286,,,,,
286,SER,287,,,,,
287,TRP,288,,,,,
288,ILE,289,,,,,
289,ARG,290,,,,,
290,GLY,291,,,,,
291,ALA,292,,,,,
292,ILE,293,,,,,
293,TYR,294,,,,,
294,TYR,295,,,,,
295,PHE,296,,,,,
296,LYS,297,,,,,
297,ILE,298,,,,,
298,ALA,299,,,,,
299,VAL,300,,,,,
300,ALA,301,,,,,
301,LEU,302,,,,,
302,ALA,303,,,,,
303,VAL,304,,,,,
304,ALA,305,,,,,
305,ALA,306,,,,,
306,ILE,307,,,,,
307,PRO,308,,,,,
308,GLU,309,,,,,
309,GLY,310,,,,,
310,LEU,311,,,,,
311,PRO,312,,,,,
312,ALA,313,,,,,
313,VAL,314,,,,,
314,ILE,315,,,,,
315,THR,316,,,,,
316,THR,317,,,,,
317,CYS,318,,,,,
318,LEU,319,,,,,
319,ALA,320,,,,,
320,LEU,321,,,,,
321,GLY,322,,,,,
322,THR,323,,,,,
323,ARG,324,,,,,
324,ARG,325,,,,,
325,MET,326,,,,,
326,ALA,327,,,,,
327,LYS,328,,,,,
328,LYS,329,,,,,
329,ASN,330,,,,,
330,ALA,331,,,,,
331,ILE,332,,,,,
332,VAL,333,,,,,
333,ARG,334,,,,,
334,SER,335,,,,,
335,LEU,336,,,,,
336,PRO,337,,,,,
337,SER,338,,,,,
338,VAL,339,,,,,
339,GLU,340,,,,,
340,THR,341,,,,,
341,LEU,342,,,,,
342,GLY,343,,,,,
343,CYS,344,,,,,
344,THR,345,,,,,
345,SER,346,,,,,
346,VAL,347,,,,,
347,ILE,348,,,,,
348,CYS,349,,,,,
349,SER,350,,,,,
350,ASP,351,,,,,
351,LYS,352,,,,,
352,THR,353,,,,,
353,GLY,354,,,,,
354,THR,355,,,,,
355,LEU,356,,,,,
356,THR,357,,,,,
357,THR,358,,,,,
358,ASN,359,,,,,
359,GLN,360,,,,,
360,MET,361,,,,,
361,SER,362,,,,,
362,VAL,363,,,,,
363,CYS,364,,,,,
364,LYS,365,,,,,
365,MET,366,,,,,
366,PHE,367,,,,,
367,ILE,368,,,,,
368,ILE,369,,,,,
369,ASP,370,,,,,
370,LYS,371,,,,,
371,VAL,372,,,,,
372,ASP,373,,,,,
373,GLY,374,,,,,
374,ASP,375,,,,,
375,PHE,376,,,,,
376,CYS,377,,,,,
377,SER,378,,,,,
378,LEU,379,,,,,
379,ASN,380,,,,,
380,GLU,381,,,,,
381,PHE,382,,,,,
382,SER,383,,,,,
383,ILE,384,,,,,
384,THR,385,,,,,
385,GLY,386,,,,,
386,SER,387,,,,,
387,THR,388,,,,,
388,TYR,389,,,,,
389,ALA,390,,,,,
390,PRO,391,,,,,
391,GLU,392,,,,,
392,GLY,393,,,,,
393,GLU,394,,,,,
394,VAL,395,,,,,
395,LEU,396,,,,,
396,LYS,397,,,,,
397,ASN,398,,,,,
398,ASP,399,,,,,
399,LYS,400,,,,,
400,PRO,401,,,,,
401,ILE,402,,,,,
402,ARG,403,,,,,
403,SER,404,,,,,
404,GLY,405,,,,,
405,GLN,406,,,,,
406,PHE,407,,,,,
407,ASP,408,,,,,
408,GLY,409,,,,,
409,LEU,410,,,,,
410,VAL,411,,,,,
411,GLU,412,,,,,
412,LEU,413,,,,,
413,ALA,414,,,,,
414,THR,415,,,,,
415,ILE,416,,,,,
416,CYS,417,,,,,
417,ALA,418,,,,,
418,LEU,419,,,,,
419,CYS,420,,,,,
420,ASN,421,,,,,
421,ASP,422,,,,,
422,SER,423,,,,,
423,SER,424,,,,,
424,LEU,425,,,,,
425,ASP,426,,,,,
426,PHE,427,,,,,
427,ASN,428,,,,,
428,GLU,429,,,,,
429,THR,430,,,,,
430,LYS,431,,,,,
431,GLY,432,,,,,
432,VAL,433,,,,,
433,TYR,434,,,,,
434,GLU,435,,,,,
435,LYS,436,,,,,
436,VAL,437,,,,,
437,GLY,438,,,,,
438,GLU,439,,,,,
439,ALA,440,,,,,
440,THR,441,,,,,
441,GLU,442,,,,,
442,THR,443,,,,,
443,ALA,444,,,,,
444,LEU,445,,,,,
445,THR,446,,,,,
446,THR,447,,,,,
447,LEU,448,,,,,
448,VAL,449,,,,,
449,GLU,450,,,,,
450,LYS,451,,,,,
451,MET,452,,,,,
452,ASN,453,,,,,
453,VAL,454,,,,,
454,PHE,455,,,,,
455,ASN,456,,,,,
456,THR,457,,,,,
457,GLU,458,,,,,
458,VAL,459,,,,,
459,ARG,460,,,,,
460,ASN,461,,,,,
461,LEU,462,,,,,
462,SER,463,,,,,
463,LYS,464,,,,,
464,VAL,465,,,,,
465,GLU,466,,,,,
466,ARG,467,,,,,
467,ALA,468,,,,,
468,ASN,469,,,,,
469,ALA,470,,,,,
470,CYS,471,,,,,
471,ASN,472,,,,,
472,SER,473,,,,,
473,VAL,474,,,,,
474,ILE,475,,,,,
475,ARG,476,,,,,
476,GLN,477,,,,,
477,LEU,478,,,,,
478,MET,479,,,,,
479,LYS,480,,,,,
480,LYS,481,,,,,
481,GLU,482,,,,,
482,PHE,483,,,,,
483,THR,484,,,,,
484,LEU,485,,,,,
485,GLU,486,,,,,
486,PHE,487,,,,,
487,SER,488,,,,,
488,ARG,489,,,,,
489,ASP,490,,,,,
490,ARG,491,,,,,
491,LYS,492,,,,,
492,SER,493,,,,,
493,MET,494,,,,,
494,SER,495,,,,,
495,VAL,496,,,,,
496,TYR,497,,,,,
497,CYS,498,,,,,
498,SER,499,,,,,
499,PRO,500,,,,,
500,ALA,501,,,,,
501,LYS,502,,,,,
502,SER,503,,,,,
503,SER,504,,,,,
504,ARG,505,,,,,
505,ALA,506,,,,,
506,ALA,507,,,,,
507,VAL,508,,,,,
508,GLY,509,,,,,
509,ASN,510,,,,,
510,LYS,511,,,,,
511,MET,512,,,,,
512,PHE,513,,,,,
513,VAL,514,,,,,
514,LYS,515,,,,,
515,GLY,516,,,,,
516,ALA,517,,,,,
517,PRO,518,,,,,
518,GLU,519,,,,,
519,GLY,520,,,,,
520,VAL,521,,,,,
521,ILE,522,,,,,
522,ASP,523,,,,,
523,ARG,524,,,,,
524,CYS,525,,,,,
525,ASN,526,,,,,
526,TYR,527,,,,,
527,VAL,528,,,,,
528,ARG,529,,,,,
529,VAL,530,,,,,
530,GLY,531,,,,,
531,THR,532,,,,,
532,THR,533,,,,,
533,ARG,534,,,,,
534,VAL,535,,,,,
535,PRO,536,,,,,
536,MET,537,,,,,
537,THR,538,,,,,
538,GLY,539,,,,,
539,PRO,540,,,,,
540,VAL,541,,,,,
541,LYS,542,,,,,
542,GLU,543,,,,,
543,LYS,544,,,,,
544,ILE,545,,,,,
545,LEU,546,,,,,
546,SER,547,,,,,
547,VAL,548,,,,,
548,ILE,549,,,,,
549,LYS,550,,,,,
550,GLU,551,,,,,
551,TRP,552,,,,,
552,GLY,553,,,,,
553,THR,554,,,,,
554,GLY,555,,,,,
555,ARG,556,,,,,
556,ASP,557,,,,,
557,THR,558,,,,,
558,LEU,559,,,,,
559,ARG,560,,,,,
560,CYS,561,,,,,
561,LEU,562,,,,,
562,ALA,563,,,,,
563,LEU,564,,,,,
564,ALA,565,,,,,
565,THR,566,,,,,
566,ARG,567,,,,,
567,ASP,568,,,,,
568,THR,569,,,,,
569,PRO,570,,,,,
570,PRO,571,,,,,
571,LYS,572,,,,,
572,ARG,573,,,,,
573,GLU,574,,,,,
574,GLU,575,,,,,
575,MET,576,,,,,
576,VAL,577,,,,,
577,LEU,578,,,,,
578,ASP,579,,,,,
579,ASP,580,,,,,
580,SER,581,,,,,
581,SER,582,,,,,
582,ARG,583,,,,,
583,PHE,584,,,,,
584,MET,585,,,,,
585,GLU,586,,,,,
586,TYR,587,,,,,
587,GLU,588,,,,,
588,THR,589,,,,,
589,ASP,590,,,,,
590,LEU,591,,,,,
591,THR,592,,,,,
592,PHE,593,,,,,
593,VAL,594,,,,,
594,GLY,595,,,,,
595,VAL,596,,,,,
596,VAL,597,,,,,
597,GLY,598,,,,,
598,MET,599,,,,,
599,LEU,600,,,,,
600,ASP,601,,,,,
601,PRO,602,,,,,
602,PRO,603,,,,,
603,ARG,604,,,,,
604,LYS,605,,,,,
605,GLU,606,,,,,
606,VAL,607,,,,,
607,MET,608,,,,,
608,GLY,609,,,,,
609,SER,610,,,,,
610,ILE,611,,,,,
611,GLN,612,,,,,
612,LEU,613,,,,,
613,CYS,614,,,,,
614,ARG,615,,,,,
615,ASP,616,,,,,
616,ALA,617,,,,,
617,GLY,618,,,,,
618,ILE,619,,,,,
619,ARG,620,,,,,
620,VAL,621,,,,,
621,ILE,622,,,,,
622,MET,623,,,,,
623,ILE,624,,,,,
624,THR,625,,,,,
625,GLY,626,,,,,
626,ASP,627,,,,,
627,ASN,628,,,,,
628,LYS,629,,,,,
629,GLY,630,,,,,
630,THR,631,,,,,
631,ALA,632,,,,,
632,ILE,633,,,,,
633,ALA,634,,,,,
634,ILE,635,,,,,
635,CYS,636,,,,,
636,ARG,637,,,,,
637,ARG,638,,,,,
638,ILE,639,,,,,
639,GLY,640,,,,,
640,ILE,641,,,,,
641,PHE,642,,,,,
642,GLY,643,,,,,
643,GLU,644,,,,,
644,ASN,645,,,,,
645,GLU,646,,,,,
646,GLU,647,,,,,
647,VAL,648,,,,,
648,ALA,649,,,,,
649,ASP,650,,,,,
650,ARG,651,,,,,
651,ALA,652,,,,,
652,TYR,653,,,,,
653,THR,654,,,,,
654,GLY,655,,,,,
655,ARG,656,,,,,
656,GLU,657,,,,,
657,PHE,658,,,,,
658,ASP,659,,,,,
659,ASP,660,,,,,
660,LEU,661,,,,,
661,PRO,662,,,,,
662,LEU,663,,,,,
663,ALA,664,,,,,
664,GLU,665,,,,,
665,GLN,666,,,,,
666,ARG,667,,,,,
667,GLU,668,,,,,
668,ALA,669,,,,,
669,CYS,670,,,,,
670,ARG,671,,,,,
671,ARG,672,,,,,
672,ALA,673,,,,,
673,CYS,674,,,,,
674,CYS,675,,,,,
675,PHE,676,,,,,
676,ALA,677,,,,,
677,ARG,678,,,,,
678,VAL,679,,,,,
679,GLU,680,,,,,
680,PRO,681,,,,,
681,SER,682,,,,,
682,HIS,683,,,,,
683,LYS,684,,,,,
684,SER,685,,,,,
685,LYS,686,,,,,
686,ILE,687,,,,,
687,VAL,688,,,,,
688,GLU,689,,,,,
689,TYR,690,,,,,
690,LEU,691,,,,,
691,GLN,692,,,,,
692,SER,693,,,,,
693,TYR,694,,,,,
694,ASP,695,,,,,
695,GLU,696,,,,,
696,ILE,697,,,,,
697,THR,698,,,,,
698,ALA,699,,,,,
699,MET,700,,,,,
700,THR,701,,,,,
701,GLY,702,,,,,
702,ASP,703,,,,,
703,GLY,704,,,,,
704,VAL,705,,,,,
705,ASN,706,,,,,
706,ASP,707,,,,,
707,ALA,708,,,,,
708,PRO,709,,,,,
709,ALA,710,,,,,
710,LEU,711,,,,,
711,LYS,712,,,,,
712,LYS,713,,,,,
713,ALA,714,,,,,
714,GLU,715,,,,,
715,ILE,716,,,,,
716,GLY,717,,,,,
717,ILE,718,,,,,
718,ALA,719,,,,,
719,MET,720,,,,,
720,GLY,721,,,,,
721,SER,722,,,,,
722,GLY,723,,,,,
723,THR,724,,,,,
724,ALA,725,,,,,
725,VAL,726,,,,,
726,ALA,727,,,,,
727,LYS,728,,,,,
728,THR,729,,,,,
729,ALA,730,,,,,
730,SER,731,,,,,
731,GLU,732,,,,,
732,MET,733,,,,,
733,VAL,734,,,,,
734,LEU,735,,,,,
735,ALA,736,,,,,
736,ASP,737,,,,,
737,ASP,738,,,,,
738,ASN,739,,,,,
739,PHE,740,,,,,
740,SER,741,,,,,
741,THR,742,,,,,
742,ILE,743,,,,,
743,VAL,744,,,,,
744,ALA,745,,,,,
745,ALA,746,,,,,
746,VAL,747,,,,,
747,GLU,748,,,,,
748,GLU,749,,,,,
749,GLY,750,,,,,
750,ARG,751,,,,,
751,ALA,752,,,,,
752,ILE,753,,,,,
753,TYR,754,,,,,
754,ASN,755,,,,,
755,ASN,756,,,,,
756,MET,757,,,,,
757,LYS,758,,,,,
758,GLN,759,,,,,
759,PHE,760,,,,,
760,ILE,761,,,,,
761,ARG,762,,,,,
762,TYR,763,,,,,
763,LEU,764,,,,,
764,ILE,765,,,,,
765,SER,766,,,,,
766,SER,767,,,,,
767,ASN,768,,,,,
768,VAL,769,,,,,
769,GLY,770,,,,,
770,GLU,771,,,,,
771,VAL,772,,,,,
772,VAL,773,,,,,
773,CYS,774,,,,,
774,ILE,775,,,,,
775,PHE,776,,,,,
776,LEU,777,,,,,
777,THR,778,,,,,
778,ALA,779,,,,,
779,ALA,780,,,,,
780,LEU,781,,,,,
781,GLY,782,,,,,
782,LEU,783,,,,,
783,PRO,784,,,,,
784,GLU,785,,,,,
785,ALA,786,,,,,
786,LEU,787,,,,,
787,ILE,788,,,,,
788,PRO,789,,,,,
789,VAL,790,,,,,
790,GLN,791,,,,,
791,LEU,792,,,,,
792,LEU,793,,,,,
793,TRP,794,,,,,
794,VAL,795,,,,,
795,ASN,796,,,,,
796,LEU,797,,,,,
797,VAL,798,,,,,
798,THR,799,,,,,
799,ASP,800,,,,,
800,GLY,801,,,,,
801,LEU,802,,,,,
802,PRO,803,,,,,
803,ALA,804,,,,,
804,THR,805,,,,,
805,ALA,806,,,,,
806,LEU,807,,,,,
807,GLY,808,,,,,
808,PHE,809,,,,,
809,ASN,810,,,,,
810,PRO,811,,,,,
811,PRO,812,,,,,
812,ASP,813,,,,,
813,LEU,814,,,,,
814,ASP,815,,,,,
815,ILE,816,,,,,
816,MET,817,,,,,
817,ASP,818,,,,,
818,ARG,819,,,,,
819,PRO,820,,,,,
820,PRO,821,,,,,
821,ARG,822,,,,,
822,SER,823,,,,,
823,PRO,824,,,,,
824,LYS,825,,,,,
825,GLU,826,,,,,
826,PRO,827,,,,,
827,LEU,828,,,,,
828,ILE,829,,,,,
829,SER,830,,,,,
830,GLY,831,,,,,
831,TRP,832,,,,,
832,LEU,833,,,,,
833,PHE,834,,,,,
834,PHE,835,,,,,
835,ARG,836,,,,,
836,TYR,837,,,,,
837,MET,838,,,,,
838,ALA,839,,,,,
839,ILE,840,,,,,
840,GLY,841,,,,,
841,GLY,842,,,,,
842,TYR,843,,,,,
843,VAL,844,,,,,
844,GLY,845,,,,,
845,ALA,846,,,,,
846,ALA,847,,,,,
847,THR,848,,,,,
848,VAL,849,,,,,
849,GLY,850,,,,,
850,ALA,851,,,,,
851,ALA,852,,,,,
852,ALA,853,,,,,
853,TRP,854,,,,,
854,TRP,855,,,,,
855,PHE,856,,,,,
856,MET,857,,,,,
857,TYR,858,,,,,
858,ALA,859,,,,,
859,GLU,860,,,,,
860,ASP,861,,,,,
861,GLY,862,,,,,
862,PRO,863,,,,,
863,GLY,864,,,,,
864,VAL,865,,,,,
865,THR,866,,,,,
866,TYR,867,,,,,
867,HIS,868,,,,,
868,GLN,869,,,,,
869,LEU,870,,,,,
870,THR,871,,,,,
871,HIS,872,,,,,
872,PHE,873,,,,,
873,MET,874,,,,,
874,GLN,875,,,,,
875,CYS,876,,,,,
876,THR,877,,,,,
877,GLU,878,,,,,
878,ASP,879,,,,,
879,HIS,880,,,,,
880,PRO,881,,,,,
881,HIS,882,,,,,
882,PHE,883,,,,,
883,GLU,884,,,,,
884,GLY,885,,,,,
885,LEU,886,,,,,
886,ASP,887,,,,,
887,CYS,888,,,,,
888,GLU,889,,,,,
889,ILE,890,,,,,
890,PHE,891,,,,,
891,GLU,892,,,,,
892,ALA,893,,,,,
893,PRO,894,,,,,
894,GLU,895,,,,,
895,PRO,896,,,,,
896,MET,897,,,,,
897,THR,898,,,,,
898,MET,899,,,,,
899,ALA,900,,,,,
900,LEU,901,,,,,
901,SER,902,,,,,
902,VAL,903,,,,,
903,LEU,904,,,,,
904,VAL,905,,,,,
905,THR,906,,,,,
906,ILE,907,,,,,
907,GLU,908,,,,,
908,MET,909,,,,,
909,CYS,910,,,,,
910,ASN,911,,,,,
911,ALA,912,,,,,
912,LEU,913,,,,,
913,ASN,914,,,,,
914,SER,915,,,,,
915,LEU,916,,,,,
916,SER,917,,,,,
917,GLU,918,,,,,
918,ASN,919,,,,,
919,GLN,920,,,,,
920,SER,921,,,,,
921,LEU,922,,,,,
922,MET,923,,,,,
923,ARG,924,,,,,
924,MET,925,,,,,
925,PRO,926,,,,,
926,PRO,927,,,,,
927,TRP,928,,,,,
928,VAL,929,,,,,
929,ASN,930,,,,,
930,ILE,931,,,,,
931,TRP,932,,,,,
932,LEU,933,,,,,
933,LEU,934,,,,,
934,GLY,935,,,,,
935,SER,936,,,,,
936,ILE,937,,,,,
937,CYS,938,,,,,
938,LEU,939,,,,,
939,SER,940,,,,,
940,MET,941,,,,,
941,SER,942,,,,,
942,LEU,943,,,,,
943,HIS,944,,,,,
944,PHE,945,,,,,
945,LEU,946,,,,,
946,ILE,947,,,,,
947,LEU,948,,,,,
948,TYR,949,,,,,
949,VAL,950,,,,,
950,ASP,951,,,,,
951,PRO,952,,,,,
952,LEU,953,,,,,
953,PRO,954,,,,,
954,MET,955,,,,,
955,ILE,956,,,,,
956,PHE,957,,,,,
957,LYS,958,,,,,
958,LEU,959,,,,,
959,LYS,960,,,,,
960,ALA,961,,,,,
961,LEU,962,,,,,
962,ASP,963,,,,,
963,LEU,964,,,,,
964,THR,965,,,,,
965,GLN,966,,,,,
966,TRP,967,,,,,
967,LEU,968,,,,,
968,MET,969,,,,,
969,VAL,970,,,,,
970,LEU,971,,,,,
971,LYS,972,,,,,
972,ILE,973,,,,,
973,SER,974,,,,,
974,LEU,975,,,,,
975,PRO,976,,,,,
976,VAL,977,,,,,
977,ILE,978,,,,,
978,GLY,979,,,,,
979,LEU,980,,,,,
980,ASP,981,,,,,
981,GLU,982,,,,,
982,ILE,983,,,,,
983,LEU,984,,,,,
984,LYS,985,,,,,
985,PHE,986,,,,,
986,ILE,987,,,,,
987,ALA,988,,,,,
988,ARG,989,,,,,
989,ASN,990,,,,,
990,TYR,991,,,,,
991,LEU,992,,,,,
992,GLU,993,,,,,
993,GLY,994,,,,,
0,PRO,39,25.86272621154785,11.102266311645508,20.97817039489746,8.702868461608887,
1,GLY,40,25.99720001220703,8.475265502929688,20.251266479492188,7.1868414878845215,
2,HIS,41,19.7426700592041,7.231212139129639,17.581947326660156,3.0130815505981445,
3,LEU,42,24.581954956054688,2.325747013092041,14.239474296569824,4.765617370605469,
4,ARG,43,24.927465438842773,5.95589017868042,19.694299697875977,2.0002377033233643,
5,ASP,44,19.153615951538086,7.350773334503174,18.601837158203125,2.1406097412109375,
6,LYS,45,21.307058334350586,3.0270938873291016,9.814677238464355,2.316757917404175,
7,GLN,46,24.798728942871094,2.4353933334350586,17.881967544555664,2.177624464035034,
8,SER,47,23.51516342163086,7.089128494262695,20.1574649810791,2.2193691730499268,
9,LYS,48,17.104774475097656,7.95622444152832,17.001197814941406,3.6062259674072266,
10,ILE,49,23.11465072631836,3.7166850566864014,14.122527122497559,4.8105597496032715,
11,LEU,50,25.448156356811523,7.9246954917907715,20.070751190185547,3.3481266498565674,
12,GLN,51,20.709814071655273,10.803877830505371,21.128202438354492,2.745955467224121,
13,VAL,52,20.338056564331055,10.53952693939209,16.900432586669922,2.546083688735962,
14,ALA,53,24.887540817260742,11.234082221984863,20.36318588256836,3.034425735473633,
15,GLY,54,25.742244720458984,14.441954612731934,23.170400619506836,2.752488851547241,
16,ILE,55,27.590187072753906,11.374557495117188,23.496610641479492,2.595552444458008,
17,GLU,56,28.05571937561035,15.228296279907227,27.62215232849121,2.1804285049438477,
18,ALA,57,28.280649185180664,12.240886688232422,25.913604736328125,2.453105926513672,
19,LYS,58,29.07952117919922,15.068090438842773,29.104812622070312,2.7541284561157227,
20,GLY,59,29.075998306274414,12.452688217163086,28.134666442871094,2.140500545501709,
21,SER,60,29.642663955688477,10.056052207946777,26.65022850036621,3.8139748573303223,
22,LYS,61,33.02206039428711,11.228795051574707,28.69654083251953,3.0179765224456787,
23,GLN,62,32.56148910522461,11.01358413696289,27.345190048217773,2.2782154083251953,
24,ILE,63,27.352527618408203,7.040140628814697,22.79879379272461,2.738023042678833,
25,VAL,64,31.62409782409668,6.08527135848999,23.7736873626709,2.8834497928619385,
26,GLU,65,34.384281158447266,9.370092391967773,26.838773727416992,2.8731868267059326,
27,LEU,66,32.313114166259766,9.449665069580078,24.8162899017334,4.908524036407471,
28,PHE,67,27.465980529785156,2.388042688369751,16.986936569213867,3.0069940090179443,
29,ASN,68,33.87264633178711,5.904149055480957,23.18243980407715,2.164989709854126,
30,LYS,69,35.536476135253906,9.900315284729004,25.64784049987793,2.2708075046539307,
31,SER,70,32.9192008972168,9.69680118560791,22.712055206298828,5.808474063873291,
32,ILE,71,28.885086059570312,5.433854579925537,17.888280868530273,5.578884601593018,
33,GLU,72,31.921293258666992,7.704116344451904,17.401935577392578,3.522907257080078,
34,PRO,73,29.940034866333008,3.573481321334839,14.601804733276367,2.8818507194519043,
35,ARG,74,30.23763656616211,8.030417442321777,12.477485656738281,1.9530518054962158,
36,LEU,75,30.462514877319336,8.349539756774902,10.584651947021484,2.3623828887939453,
37,VAL,76,29.079517364501953,12.205887794494629,9.561657905578613,4.352558612823486,
38,ASP,77,30.981821060180664,15.905085563659668,10.57996654510498,2.676478385925293,
39,PHE,78,24.347082138061523,12.996772766113281,4.234099388122559,2.83197283744812,
40,ASN,79,30.3591251373291,19.827251434326172,10.918737411499023,2.1176388263702393,
41,THR,80,32.90098571777344,20.4617977142334,13.464147567749023,3.497328519821167,
42,GLY,81,31.221527099609375,18.21795082092285,13.2772855758667,2.7156503200531006,
43,ASP,82,33.803062438964844,16.90952491760254,14.250899314880371,3.103428840637207,
44,PHE,83,32.17833709716797,12.947835922241211,15.014965057373047,3.2125954627990723,
45,VAL,84,33.801143646240234,13.48647403717041,12.87044906616211,2.455883026123047,
46,GLU,85,37.16264343261719,13.612051963806152,16.16165542602539,2.1411173343658447,
47,GLY,86,36.26294708251953,10.141535758972168,15.759003639221191,5.079230785369873,
48,ASP,87,33.433555603027344,6.924217224121094,14.756305694580078,6.020646572113037,
49,ALA,88,30.753461837768555,4.45096492767334,13.52153491973877,3.6069185733795166,
50,ALA,89,30.6656551361084,2.0856974124908447,15.274371147155762,3.2331838607788086,
51,ASN,90,31.087678909301758,4.258541584014893,13.832944869995117,6.708582878112793,
52,TYR,91,27.57557487487793,5.411716461181641,6.369954586029053,2.8526535034179688,
53,ASP,92,25.39124298095703,6.421092510223389,8.214837074279785,2.826944589614868,
54,GLN,93,22.809415817260742,7.048089504241943,2.595829725265503,2.136819839477539,
55,ARG,94,17.332901000976562,8.531380653381348,5.388695240020752,2.0671613216400146,
56,LYS,95,25.113744735717773,10.170393943786621,7.907684326171875,2.6692910194396973,
57,ALA,96,26.929161071777344,11.545218467712402,6.448384761810303,2.926682949066162,
58,ALA,97,22.860082626342773,12.994911193847656,3.197460174560547,2.850876569747925,
59,LYS,98,21.94624137878418,14.582756042480469,7.309897422790527,1.6099272966384888,
60,GLU,99,27.863595962524414,15.826483726501465,8.847738265991211,2.6718931198120117,
61,ALA,100,30.80013656616211,20.408584594726562,12.08910846710205,2.1448328495025635,
62,SER,101,32.96379089355469,19.575244903564453,12.13818359375,3.1428754329681396,
63,GLU,102,29.447399139404297,15.767805099487305,7.716210842132568,2.504472255706787,
64,SER,103,26.572546005249023,16.84136199951172,6.452152729034424,2.7590670585632324,
65,ILE,104,25.726533889770508,19.569013595581055,7.3747477531433105,2.420158624649048,
66,LYS,105,24.340341567993164,22.673110961914062,9.775897026062012,2.1333138942718506,
67,LEU,106,20.86397933959961,20.28349494934082,6.880218982696533,2.913111448287964,
68,THR,107,22.92391014099121,26.330120086669922,12.779436111450195,1.9035063982009888,
69,ALA,108,20.886940002441406,28.315263748168945,15.167644500732422,2.2501394748687744,
70,GLU,109,21.81787109375,28.294614791870117,15.388777732849121,2.384143114089966,
71,GLN,110,21.077051162719727,24.599544525146484,11.689543724060059,2.7068560123443604,
72,ASP,111,17.566635131835938,22.313800811767578,9.696489334106445,2.683100461959839,
73,LYS,112,14.807472229003906,24.114011764526367,12.034364700317383,1.448683261871338,
74,ALA,113,13.645549774169922,20.031394958496094,9.138297080993652,2.066507339477539,
75,LYS,114,13.421774864196777,21.224943161010742,10.1954345703125,2.9903109073638916,
76,ILE,115,15.384529113769531,16.960752487182617,4.273905277252197,2.577272891998291,
77,GLN,116,18.343990325927734,20.745933532714844,8.461997032165527,2.8032445907592773,
78,ARG,117,20.832443237304688,17.744497299194336,4.597581386566162,1.8578171730041504,
79,ARG,118,22.90732765197754,16.351333618164062,3.151496648788452,2.0581469535827637,
80,ALA,119,24.22380828857422,13.28849983215332,2.5053343772888184,2.990546226501465,
81,ASN,120,28.399669647216797,16.119304656982422,6.425342559814453,1.9532406330108643,
82,VAL,121,27.602346420288086,12.082413673400879,6.043186664581299,2.4364120960235596,
83,GLY,122,26.172706604003906,10.25377082824707,6.038974285125732,4.917140007019043,
84,VAL,123,25.45547866821289,5.030451774597168,7.517866611480713,3.0195889472961426,
85,VAL,124,25.861459732055664,7.4234209060668945,10.570242881774902,6.379916667938232,
86,TYR,125,24.13199234008789,2.507246971130371,11.146682739257812,2.101308584213257,
87,LEU,126,30.17376708984375,9.245413780212402,17.069608688354492,6.976658344268799,
88,VAL,127,28.516469955444336,10.830348014831543,19.593732833862305,3.3546416759490967,
89,LYS,128,33.57990646362305,11.757444381713867,22.392738342285156,5.219928741455078,
90,ASP,129,36.19293212890625,16.037763595581055,26.530872344970703,3.845150947570801,
91,GLY,130,39.23207473754883,16.53603172302246,27.800634384155273,4.221826553344727,
92,ASP,131,40.04349136352539,17.717700958251953,27.11353302001953,2.255185842514038,
93,LYS,132,35.959983825683594,16.815649032592773,25.994487762451172,5.270870208740234,
94,THR,133,33.10350036621094,14.696062088012695,20.937639236450195,5.362969398498535,
95,SER,134,31.7294864654541,16.029983520507812,23.46323585510254,2.0500142574310303,
96,LYS,135,27.60466766357422,13.738513946533203,19.81110191345215,2.679436206817627,
97,VAL,136,25.80978012084961,11.7525634765625,14.888625144958496,6.928114414215088,
98,ILE,137,22.64299201965332,8.822992324829102,13.049378395080566,5.73765754699707,
99,LEU,138,20.515993118286133,10.60676097869873,10.78023910522461,5.595019817352295,
100,PRO,139,19.703248977661133,7.314996719360352,7.344996929168701,2.633608818054199,
101,VAL,140,15.505438804626465,12.028700828552246,7.346213340759277,2.8665409088134766,
102,HIS,141,14.216961860656738,12.535428047180176,3.7217984199523926,2.0431325435638428,
103,GLY,142,10.807516098022461,16.564468383789062,9.209794044494629,3.3459408283233643,
104,ASN,143,9.036782264709473,19.875871658325195,11.289458274841309,2.1584551334381104,
105,GLY,144,6.0820817947387695,20.853395462036133,14.352781295776367,3.7393505573272705,
106,LEU,145,2.8795645236968994,24.21853256225586,18.118146896362305,3.0759668350219727,
107,TRP,146,2.3300960063934326,22.684255599975586,17.64788055419922,2.7688519954681396,
108,SER,147,6.911448955535889,18.87909698486328,14.226412773132324,2.857632875442505,
109,MET,148,10.722079277038574,15.324522018432617,8.817652702331543,2.1379072666168213,
110,MET,149,6.76814079284668,15.089427947998047,10.540779113769531,2.6571528911590576,
111,TYR,150,12.591114044189453,10.606900215148926,6.226992130279541,1.8214718103408813,
112,ALA,151,13.655365943908691,11.391831398010254,10.524593353271484,3.1890745162963867,
113,PHE,152,17.269067764282227,5.799628734588623,11.156570434570312,3.146883249282837,
114,VAL,153,18.498477935791016,12.176945686340332,12.883700370788574,6.906334400177002,
115,ALA,154,21.4641170501709,13.420258522033691,16.905309677124023,3.333103895187378,
116,VAL,155,23.4447078704834,14.808015823364258,16.029329299926758,5.9202351570129395,
117,GLU,156,27.07640266418457,18.39937973022461,20.899263381958008,2.5775363445281982,
118,THR,157,31.068859100341797,18.4393310546875,21.895978927612305,2.1324758529663086,
119,ASP,158,29.506237030029297,21.91533088684082,22.478252410888672,3.0863945484161377,
120,GLY,159,27.66484260559082,19.747888565063477,19.327980041503906,5.123618125915527,
121,ASN,160,25.086265563964844,21.62438201904297,20.387874603271484,2.4119951725006104,
122,THR,161,25.380199432373047,20.098447799682617,21.4014949798584,3.3398890495300293,
123,VAL,162,19.98040199279785,18.19725799560547,18.711788177490234,3.2083308696746826,
124,SER,163,23.34139633178711,16.65163803100586,20.8341064453125,2.402374744415283,
125,GLY,164,20.101089477539062,15.901660919189453,18.49827766418457,2.52093505859375,
126,LEU,165,13.666129112243652,15.31447696685791,16.030742645263672,2.220987558364868,
127,THR,166,15.513235092163086,11.5612154006958,15.375211715698242,2.7135305404663086,
128,TYR,167,11.024828910827637,13.254168510437012,13.321005821228027,1.84169340133667,
129,TYR,168,14.789239883422852,7.565394878387451,9.06109619140625,2.0081787109375,
130,GLU,169,12.129590034484863,11.320791244506836,12.4658784866333,2.182384729385376,
131,GLN,170,7.118972301483154,15.388518333435059,15.110260009765625,2.035160541534424,
132,GLY,171,6.224264621734619,18.634418487548828,16.68440055847168,2.906778335571289,
133,GLU,172,2.8519411087036133,20.7941951751709,17.847057342529297,2.8259389400482178,
134,THR,173,2.269263982772827,24.80219078063965,22.70572280883789,2.846010684967041,
135,PRO,174,5.990379810333252,23.992740631103516,24.398483276367188,2.6642298698425293,
136,GLY,175,6.918079376220703,25.893831253051758,26.429187774658203,1.866078495979309,
137,LEU,176,2.9475653171539307,26.331581115722656,24.586137771606445,2.908951759338379,
138,GLY,177,2.5023703575134277,22.870786666870117,20.95121192932129,4.852931499481201,
139,GLY,178,4.552712917327881,21.57816505432129,21.30299949645996,2.595412015914917,
140,GLU,179,6.554466247558594,22.740392684936523,22.778749465942383,2.565077066421509,
141,VAL,180,6.579476833343506,18.847517013549805,17.782838821411133,2.6838412284851074,
142,GLU,181,9.860262870788574,17.10030746459961,19.899961471557617,2.578089714050293,
143,ASN,182,11.382604598999023,21.345430374145508,23.47093391418457,5.021732807159424,
144,PRO,183,15.496113777160645,20.76805877685547,25.16336441040039,2.9047083854675293,
145,ALA,184,16.01610565185547,23.904499053955078,26.949962615966797,2.652751922607422,
146,TRP,185,10.765839576721191,19.84124183654785,18.629318237304688,3.0400893688201904,
147,ARG,186,14.011563301086426,16.544170379638672,20.600805282592773,1.9185590744018555,
148,ALA,187,17.46617317199707,22.1534481048584,24.949440002441406,2.810081958770752,
149,GLN,188,14.357206344604492,24.08279037475586,25.016212463378906,2.828674793243408,
150,TRP,189,13.229743003845215,20.553892135620117,17.836336135864258,3.7949700355529785,
151,VAL,190,20.554126739501953,20.592010498046875,23.931089401245117,3.0643718242645264,
152,GLY,191,23.870027542114258,22.749347686767578,24.59369468688965,3.1579620838165283,
153,LYS,192,19.03322410583496,23.4024600982666,22.547151565551758,2.8636300563812256,
154,LYS,193,22.42280387878418,24.408275604248047,21.936765670776367,1.557451605796814,
155,LEU,194,20.591461181640625,18.999961853027344,16.36615753173828,5.557535171508789,
156,PHE,195,24.5327205657959,21.572010040283203,16.183876037597656,2.8912811279296875,
157,ASP,196,25.032291412353516,28.711101531982422,23.152040481567383,3.1866865158081055,
158,GLU,197,28.51202964782715,31.535951614379883,26.812618255615234,3.476234197616577,
159,ASN,198,28.817672729492188,31.136991500854492,24.40761947631836,4.075587272644043,
160,HIS,199,28.206138610839844,27.512310028076172,20.8665771484375,2.8316526412963867,
161,LYS,200,24.106800079345703,27.811635971069336,20.585458755493164,2.8798439502716064,
162,PRO,201,21.446033477783203,24.646202087402344,16.757394790649414,2.179598808288574,
163,ALA,202,19.472064971923828,26.13870620727539,19.986595153808594,2.832536458969116,
164,ILE,203,16.04602813720703,22.648670196533203,18.35112190246582,3.049368143081665,
165,LYS,204,14.312970161437988,27.250181198120117,21.494192123413086,3.136255979537964,
166,ILE,205,9.461191177368164,23.703378677368164,19.057601928710938,2.8603806495666504,
167,VAL,206,9.62966251373291,29.42677879333496,24.667512893676758,2.649818181991577,
168,LYS,207,3.016488790512085,32.43428421020508,26.642562866210938,2.4969332218170166,
169,GLY,208,6.731326103210449,33.63561248779297,29.047853469848633,1.681053638458252,
170,GLY,209,9.507413864135742,32.208065032958984,28.99403953552246,3.444143295288086,
171,ALA,210,13.211305618286133,30.54357147216797,27.273372650146484,3.1884987354278564,
172,PRO,211,15.36616325378418,33.40531539916992,29.702945709228516,5.201991558074951,
173,GLN,212,19.170984268188477,33.854248046875,32.915138244628906,5.906406879425049,
174,GLY,213,21.327098846435547,33.70750045776367,31.8936767578125,4.478503704071045,
175,SER,214,18.929704666137695,30.407861709594727,28.220108032226562,2.273787021636963,
176,GLU,215,22.127559661865234,27.71512794494629,25.456857681274414,2.41723895072937,
177,HIS,216,18.226926803588867,27.429683685302734,23.401636123657227,2.423823595046997,
178,GLY,217,16.458959579467773,28.48267936706543,24.83866310119629,3.8166379928588867,
179,VAL,218,12.893815040588379,24.18540382385254,21.641876220703125,3.3739702701568604,
180,ASP,219,11.17630386352539,27.1498966217041,24.279830932617188,2.386195659637451,
181,GLY,220,8.211280822753906,27.88338279724121,23.79751968383789,2.397569179534912,
182,LEU,221,5.2089033126831055,23.935503005981445,21.242151260375977,2.9066786766052246,
183,SER,222,5.6058030128479,30.152862548828125,27.643115997314453,2.257469415664673,
184,GLY,223,2.5994620323181152,31.831195831298828,27.853605270385742,2.015193223953247,
185,ALA,224,2.531984806060791,27.790433883666992,23.545095443725586,3.6515400409698486,
186,THR,225,1.5970290899276733,29.036916732788086,22.549787521362305,2.618669033050537,
187,LEU,226,1.9573701620101929,26.464950561523438,19.63487434387207,2.822585105895996,
188,THR,227,1.7307002544403076,22.83292579650879,18.370990753173828,4.7738938331604,
189,SER,228,4.115869045257568,25.373811721801758,19.179553985595703,3.0436155796051025,
190,ASN,229,6.002449989318848,25.38535499572754,17.245941162109375,2.0543155670166016,
191,GLY,230,6.854913234710693,21.90292739868164,14.285565376281738,2.7761573791503906,
192,VAL,231,7.726126194000244,20.744707107543945,15.010722160339355,3.6876168251037598,
193,GLN,232,10.098382949829102,23.855567932128906,15.60041618347168,3.451075792312622,
194,ASN,233,11.126507759094238,22.327882766723633,12.593317031860352,2.2478549480438232,
195,THR,234,11.714816093444824,17.365074157714844,9.949209213256836,2.9323346614837646,
196,PHE,235,14.066886901855469,17.83953285217285,12.83364486694336,4.426150798797607,
197,ASP,236,15.630629539489746,23.001712799072266,13.384148597717285,2.616396903991699,
198,PHE,237,17.40089988708496,18.047025680541992,6.006509304046631,2.6727938652038574,
199,TRP,238,16.8288516998291,14.650351524353027,3.2789344787597656,3.3091418743133545,
200,LEU,239,19.95370864868164,19.338226318359375,12.129408836364746,2.742007255554199,
201,GLY,240,22.216629028320312,21.873044967651367,12.416059494018555,2.6118381023406982,
202,ASP,241,25.52650260925293,22.999727249145508,12.48083209991455,2.1649398803710938,
203,MET,242,24.067285537719727,19.673233032226562,8.057175636291504,2.191183567047119,
204,GLY,243,22.983442306518555,18.29143524169922,7.899453163146973,2.8936004638671875,
205,PHE,244,22.26258659362793,11.64427661895752,7.9202351570129395,2.715372085571289,
206,GLY,245,25.44522476196289,19.980737686157227,12.091259956359863,2.656480550765991,
207,PRO,246,27.802200317382812,20.539447784423828,12.387059211730957,2.6544556617736816,
208,PHE,247,27.60630226135254,14.308637619018555,12.757227897644043,2.1777758598327637,
209,LEU,248,24.434764862060547,17.102413177490234,14.280532836914062,3.6382529735565186,
210,THR,249,30.273162841796875,21.748449325561523,17.153501510620117,2.8045971393585205,
211,LYS,250,32.54580307006836,20.24131965637207,17.762130737304688,2.1570165157318115,
212,VAL,251,30.056011199951172,17.179428100585938,17.23259925842285,2.8751964569091797,
213,ARG,252,30.451494216918945,22.084848403930664,20.445697784423828,2.285820484161377,
214,ASP,253,35.01138687133789,24.159923553466797,22.575817108154297,3.026214599609375,
215,GLY,254,36.08827590942383,22.934534072875977,23.83649444580078,3.118687391281128,
216,GLY,255,36.02067565917969,19.588621139526367,21.52920913696289,3.060837984085083,
217,LEU,256,31.234161376953125,15.708914756774902,18.220943450927734,1.8884223699569702,
218,ASN,257,36.510929107666016,19.736167907714844,24.559614181518555,2.481382369995117,
0,ALA,82,,44.26058578491211,,2.3297171592712402,57.92420196533203
1,LEU,83,,41.015403747558594,,2.8122353553771973,55.546791076660156
2,SER,84,,42.69045639038086,,3.1840460300445557,56.88545227050781
3,ALA,85,,40.40412139892578,,3.4980571269989014,54.70616912841797
4,TRP,86,,40.49705505371094,,2.8476290702819824,54.58978271484375
5,VAL,87,,38.13096618652344,,4.834853172302246,52.0135612487793
6,GLY,88,,38.290321350097656,,5.828274726867676,51.67070388793945
7,TYR,89,,38.927616119384766,,2.7194924354553223,51.050025939941406
8,SER,90,,40.09794616699219,,2.747905969619751,53.767059326171875
9,VAL,91,,35.90083312988281,,3.735445022583008,49.794532775878906
10,LEU,92,,34.301639556884766,,2.7410902976989746,47.36746597290039
11,GLY,93,,34.86860275268555,,3.400416374206543,48.496334075927734
12,ALA,94,,34.045406341552734,,4.0262227058410645,48.423954010009766
13,VAL,95,,34.16046905517578,,6.520411968231201,48.95616912841797
14,LEU,96,,34.936344146728516,,4.54889440536499,49.87770080566406
15,ASP,97,,37.06565475463867,,2.719728946685791,52.05659866333008
16,PRO,98,,36.225704193115234,,5.389702796936035,51.336456298828125
17,THR,99,,39.11533737182617,,2.8852286338806152,54.02355194091797
18,GLY,100,,39.433475494384766,,2.6266567707061768,54.17451858520508
19,LYS,101,,39.537872314453125,,3.580303430557251,54.34500503540039
20,ILE,102,,40.48175048828125,,2.9196512699127197,54.9671745300293
21,VAL,103,,37.9996223449707,,3.1686487197875977,53.06940460205078
22,GLU,104,,37.02725601196289,,5.355957508087158,51.8233642578125
23,ARG,105,,37.6270751953125,,2.4525036811828613,51.925018310546875
24,PHE,106,,32.17890548706055,,5.259527683258057,46.35062026977539
25,THR,107,,36.4448127746582,,2.807206392288208,49.89111328125
26,PRO,108,,39.672889709472656,,2.714007616043091,53.04100799560547
27,GLU,109,,41.57989501953125,,2.378369092941284,54.79039001464844
28,VAL,110,,38.33983612060547,,2.610428810119629,51.114749908447266
29,ALA,111,,42.34728240966797,,4.322638511657715,55.15254211425781
30,PRO,112,,45.13620376586914,,3.136676788330078,58.13470458984375
31,ILE,113,,42.550174713134766,,3.7255399227142334,55.69949722290039
32,SER,114,,43.492401123046875,,2.9084153175354004,56.973365783691406
33,GLU,115,,42.090553283691406,,2.879026412963867,54.81866455078125
34,GLU,116,,43.64796447753906,,2.992056369781494,57.15834045410156
35,ARG,117,,38.24483108520508,,3.0411951541900635,50.90311050415039
36,VAL,118,,39.17371368408203,,2.597905158996582,52.67595291137695
37,ILE,119,,35.94093704223633,,3.4756698608398438,49.708553314208984
38,ASP,120,,36.266319274902344,,2.9296793937683105,49.75277328491211
39,VAL,121,,35.61771011352539,,3.610551118850708,48.499603271484375
40,ALA,122,,35.799896240234375,,2.8617098331451416,48.02937698364258
41,PRO,123,,32.82473373413086,,4.92080545425415,44.753116607666016
42,PRO,124,,33.605804443359375,,3.202277183532715,45.07157897949219
43,SER,125,,35.38933181762695,,2.637490749359131,45.49443054199219
44,TYR,126,,34.321598052978516,,2.786686897277832,43.52900695800781
45,ALA,127,,36.453086853027344,,2.7054672241210938,45.674808502197266
46,SER,128,,35.477134704589844,,3.4237236976623535,45.04386520385742
47,ARG,129,,30.581335067749023,,2.7153537273406982,41.60835266113281
48,VAL,130,,29.557405471801758,,4.592660903930664,38.4940071105957
49,GLY,131,,27.45398712158203,,3.7255795001983643,35.80246353149414
50,VAL,132,,22.76361846923828,,3.659837245941162,32.035606384277344
51,ARG,133,,24.489242553710938,,2.9813284873962402,31.312564849853516
52,GLU,134,,22.62455940246582,,3.0414528846740723,31.21404266357422
53,PRO,135,,20.372467041015625,,3.2201437950134277,28.207494735717773
54,LEU,136,,18.268800735473633,,2.6785924434661865,28.567792892456055
55,ILE,137,,18.966432571411133,,2.6353628635406494,27.61258316040039
56,THR,138,,14.994454383850098,,3.9369945526123047,26.354473114013672
57,GLY,139,,15.60637092590332,,3.8940560817718506,25.757043838500977
58,VAL,140,,11.393160820007324,,3.4605040550231934,22.885696411132812
59,ARG,141,,10.627017974853516,,2.8507564067840576,19.62564468383789
60,ALA,142,,7.405794620513916,,2.9918363094329834,19.24935531616211
61,ILE,143,,9.936873435974121,,3.663590431213379,21.274852752685547
62,ASP,144,,12.566972732543945,,2.617464780807495,21.57060432434082
63,GLY,145,,11.480945587158203,,5.434225559234619,18.377857208251953
64,LEU,146,,7.154300689697266,,2.769033908843994,14.655726432800293
65,LEU,147,,7.6155781745910645,,3.7147812843322754,19.990671157836914
66,THR,148,,13.178340911865234,,3.6207356452941895,22.379764556884766
67,CYS,149,,15.341957092285156,,2.875617027282715,25.980159759521484
68,GLY,150,,19.026090621948242,,4.933570384979248,29.169940948486328
69,VAL,151,,22.50387954711914,,2.7038145065307617,32.42107009887695
70,GLY,152,,23.891748428344727,,2.851284980773926,34.93086242675781
71,GLN,153,,17.119342803955078,,4.441300392150879,28.071609497070312
72,ARG,154,,19.126991271972656,,3.217118978500366,31.26961898803711
73,MET,155,,14.115052223205566,,6.811870574951172,26.226089477539062
74,GLY,156,,13.990747451782227,,6.128269672393799,28.031330108642578
75,ILE,157,,13.942305564880371,,7.457093715667725,29.037965774536133
76,PHE,158,,12.025431632995605,,5.920261859893799,26.979433059692383
77,ALA,159,,13.87900447845459,,4.19768762588501,28.899168014526367
78,SER,160,,14.639495849609375,,3.286372184753418,28.965795516967773
79,ALA,161,,16.291614532470703,,2.660778522491455,30.986787796020508
80,GLY,162,,14.405314445495605,,3.191255569458008,29.246578216552734
81,CYS,163,,11.824538230895996,,2.919276714324951,27.234285354614258
82,GLY,164,,14.03896427154541,,2.768305540084839,29.40159034729004
83,LYS,165,,14.922602653503418,,3.264477014541626,30.393274307250977
84,THR,166,,17.378408432006836,,2.9929661750793457,32.770076751708984
85,MET,167,,14.612971305847168,,3.150238037109375,29.159059524536133
86,LEU,168,,12.441887855529785,,3.394495725631714,27.185640335083008
87,MET,169,,16.99521827697754,,5.981471538543701,31.771211624145508
88,HIS,170,,19.244325637817383,,2.7689971923828125,33.520931243896484
89,MET,171,,14.004899978637695,,3.5077197551727295,27.278615951538086
90,LEU,172,,15.802534103393555,,6.675747394561768,28.96403694152832
91,ILE,173,,20.446880340576172,,5.245116710662842,33.85211181640625
92,GLU,174,,21.790029525756836,,3.18086314201355,34.23430252075195
93,GLN,175,,16.929170608520508,,2.3974268436431885,28.42178726196289
94,THR,176,,19.56945037841797,,3.4386768341064453,31.630109786987305
95,GLU,177,,23.352581024169922,,2.7323665618896484,34.20054244995117
96,ALA,178,,26.035762786865234,,3.053534746170044,37.375362396240234
97,ASP,179,,29.082317352294922,,2.7348291873931885,40.576725006103516
98,VAL,180,,27.6951904296875,,6.458364009857178,40.42198944091797
99,PHE,181,,23.95224380493164,,3.725680351257324,36.65107727050781
100,VAL,182,,26.084566116333008,,9.219646453857422,40.21551513671875
101,ILE,183,,25.397144317626953,,7.497826099395752,39.81971740722656
102,GLY,184,,26.022235870361328,,8.247566223144531,41.017333984375
103,LEU,185,,25.19661521911621,,4.430912017822266,40.37907791137695
104,ILE,186,,27.407337188720703,,5.4977216720581055,42.540836334228516
105,GLY,187,,29.012104034423828,,4.9755754470825195,44.27943420410156
106,GLU,188,,24.49359703063965,,2.5633976459503174,39.95103073120117
107,ARG,189,,28.315357208251953,,4.054039478302002,43.55086135864258
108,GLY,190,,31.63286781311035,,3.6324543952941895,47.07374954223633
109,ARG,191,,27.335641860961914,,3.1094727516174316,42.40080261230469
110,GLU,192,,25.707612991333008,,2.7939352989196777,41.157630920410156
111,VAL,193,,28.939693450927734,,4.830474376678467,44.369930267333984
112,THR,194,,30.373464584350586,,4.971655368804932,45.532623291015625
113,GLU,195,,26.283267974853516,,2.683749198913574,41.475345611572266
114,PHE,196,,23.207019805908203,,3.19350266456604,38.253211975097656
115,VAL,197,,28.99269676208496,,5.550996780395508,43.96097946166992
116,ASP,198,,29.414548873901367,,3.690539598464966,43.868064880371094
117,MET,199,,23.361473083496094,,3.580264091491699,37.555198669433594
118,LEU,200,,26.907880783081055,,6.645086765289307,41.12887191772461
119,ARG,201,,30.612586975097656,,7.389180660247803,44.73752212524414
120,ALA,202,,29.27267074584961,,8.074122428894043,42.31449508666992
121,SER,203,,27.461162567138672,,5.690760612487793,40.57799530029297
122,HIS,204,,26.249418258666992,,4.639708042144775,37.94725799560547
123,LYS,205,,24.631357192993164,,2.848372220993042,36.414852142333984
124,LYS,206,,30.687252044677734,,3.1610665321350098,43.663814544677734
125,GLU,207,,33.00149154663086,,2.6707773208618164,45.12995147705078
126,LYS,208,,30.384323120117188,,3.7399468421936035,41.96729278564453
127,CYS,209,,28.130741119384766,,6.807016849517822,41.64694595336914
128,VAL,210,,29.736003875732422,,7.54998254776001,44.00404357910156
129,LEU,211,,28.3023624420166,,7.707446575164795,43.19035339355469
130,VAL,212,,30.175230026245117,,9.058234214782715,45.163734436035156
131,PHE,213,,31.862903594970703,,3.9207026958465576,47.006317138671875
132,ALA,214,,31.343461990356445,,8.055675506591797,46.647064208984375
133,THR,215,,32.90983581542969,,7.277144432067871,48.28099822998047
134,SER,216,,32.530609130859375,,5.997801780700684,47.78916931152344
135,ASP,217,,35.35593795776367,,2.6044554710388184,50.67031478881836
136,PHE,218,,36.350215911865234,,4.042575836181641,51.5145378112793
137,PRO,219,,36.623111724853516,,3.398207664489746,51.683170318603516
138,SER,220,,35.37545394897461,,3.081099033355713,50.19483947753906
139,VAL,221,,36.846107482910156,,3.092582941055298,51.62421798706055
140,ASP,222,,35.1326904296875,,2.6566154956817627,50.12437438964844
141,ARG,223,,31.465089797973633,,2.7589473724365234,46.52553939819336
142,CYS,224,,33.10894775390625,,5.211785793304443,47.677268981933594
143,ASN,225,,34.5433464050293,,3.1044492721557617,49.213680267333984
144,ALA,226,,31.807283401489258,,7.594918251037598,46.4886589050293
145,ALA,227,,29.51476287841797,,5.4259867668151855,44.08914566040039
146,GLN,228,,32.18082809448242,,2.7824480533599854,46.561798095703125
147,LEU,229,,33.41747283935547,,6.60642671585083,47.683250427246094
148,ALA,230,,29.94563102722168,,6.614375591278076,44.375762939453125
149,THR,231,,29.559181213378906,,2.946439504623413,43.42119598388672
150,THR,232,,33.160831451416016,,4.035207748413086,46.8791389465332
151,VAL,233,,33.348167419433594,,6.312350749969482,46.7480583190918
152,ALA,234,,29.998029708862305,,6.8561835289001465,43.2499885559082
153,GLU,235,,32.79852294921875,,2.659390926361084,45.749603271484375
154,TYR,236,,35.38291931152344,,3.013354539871216,48.207706451416016
155,PHE,237,,33.7557373046875,,6.472265720367432,46.262367248535156
156,ARG,238,,30.75520896911621,,3.148559808731079,42.44040298461914
157,ASP,239,,35.77627182006836,,4.070850372314453,47.540611267089844
158,GLN,240,,37.36125564575195,,4.1212968826293945,48.516666412353516
159,GLY,241,,34.40317916870117,,3.7076339721679688,44.91880416870117
160,LYS,242,,31.39697265625,,4.374608039855957,42.644046783447266
161,ARG,243,,25.98583221435547,,2.4200387001037598,35.55002975463867
162,VAL,244,,26.045001983642578,,2.757596254348755,38.294654846191406
163,VAL,245,,22.380207061767578,,4.64046049118042,35.48130798339844
164,LEU,246,,22.643056869506836,,3.6288256645202637,36.45966339111328
165,PHE,247,,19.662710189819336,,7.619918346405029,33.83696365356445
166,ILE,248,,22.06008529663086,,4.778376579284668,36.887935638427734
167,ASP,249,,21.3846492767334,,4.2816290855407715,36.662864685058594
168,SER,250,,22.361379623413086,,6.885497570037842,37.447669982910156
169,MET,251,,22.933311462402344,,5.335150718688965,37.29993438720703
170,THR,252,,21.66239356994629,,2.6878066062927246,36.22460174560547
171,ARG,253,,24.428192138671875,,2.741456985473633,39.65093231201172
172,TYR,254,,27.28683853149414,,2.7156150341033936,42.02158737182617
173,ALA,255,,27.193065643310547,,5.943422317504883,41.17649841308594
174,ARG,256,,25.048572540283203,,3.91438627243042,39.31327438354492
175,ALA,257,,31.157917022705078,,3.6345181465148926,45.68047332763672
176,LEU,258,,31.1720027923584,,3.982975482940674,44.9544677734375
177,ARG,259,,30.996212005615234,,5.313561916351318,44.816280364990234
178,ASP,260,,34.3865852355957,,5.593128204345703,48.62187957763672
179,VAL,261,,36.95246124267578,,3.387958288192749,51.192848205566406
180,ALA,262,,37.375213623046875,,4.467014312744141,50.89181137084961
181,LEU,263,,36.9417610168457,,6.4911298751831055,50.534019470214844
182,ALA,264,,40.75497055053711,,4.17069673538208,54.6753044128418
183,SER,265,,42.384037017822266,,3.3615174293518066,56.23485565185547
184,GLY,266,,43.28334426879883,,6.198311805725098,56.40864944458008
185,GLU,267,,38.691104888916016,,5.419375896453857,51.58232879638672
186,ARG,268,,38.2934455871582,,2.3225979804992676,50.67304229736328
187,PRO,269,,36.66990280151367,,4.9914445877075195,48.76640319824219
188,ALA,270,,34.3322868347168,,3.9920530319213867,45.965206146240234
189,ARG,271,,28.47395896911621,,2.3525612354278564,39.68123245239258
190,ARG,272,,25.642431259155273,,3.063063859939575,37.87071228027344
191,GLY,273,,32.711978912353516,,3.5877130031585693,45.139442443847656
192,TYR,274,,27.466896057128906,,5.643073081970215,41.18515396118164
193,PRO,275,,33.659637451171875,,6.102327823638916,46.28751754760742
194,ALA,276,,34.30324935913086,,4.762107849121094,46.51369094848633
195,SER,277,,34.1562614440918,,2.971092462539673,46.993160247802734
196,VAL,278,,30.42277717590332,,3.2858684062957764,43.79077911376953
197,PHE,279,,28.536623001098633,,2.5684092044830322,40.828643798828125
198,ASP,280,,32.25724792480469,,4.776515007019043,44.581180572509766
199,ASN,281,,31.00511360168457,,2.6952297687530518,44.22520446777344
200,LEU,282,,26.96204948425293,,4.874787330627441,40.0932731628418
201,PRO,283,,28.739892959594727,,3.6202871799468994,41.110748291015625
202,ARG,284,,30.833953857421875,,3.6760456562042236,43.389976501464844
203,LEU,285,,28.193199157714844,,2.8243255615234375,41.7742919921875
204,LEU,286,,23.698583602905273,,4.417898178100586,36.787841796875
205,GLU,287,,28.110029220581055,,2.3362765312194824,40.46672058105469
206,ARG,288,,29.54921531677246,,3.126784086227417,41.924766540527344
207,PRO,289,,26.386098861694336,,2.9618632793426514,38.85322570800781
208,GLY,290,,27.533390045166016,,4.026572227478027,38.77009963989258
209,ALA,291,,28.41652488708496,,4.168901443481445,38.255611419677734
210,THR,292,,31.43621253967285,,3.004535436630249,41.47393798828125
211,SER,293,,34.172237396240234,,2.7291102409362793,43.37690734863281
212,GLU,294,,34.30729293823242,,3.852705955505371,44.28850555419922
213,GLY,295,,31.328655242919922,,3.584213972091675,41.7388801574707
214,SER,296,,27.916534423828125,,2.738872528076172,38.771297454833984
215,ILE,297,,25.80388069152832,,3.8662428855895996,37.68788146972656
216,THR,298,,21.265666961669922,,2.827059030532837,33.270225524902344
217,ALA,299,,20.323793411254883,,5.33401346206665,33.510398864746094
218,PHE,300,,16.398775100708008,,7.000617504119873,29.732223510742188
219,TYR,301,,18.04014015197754,,2.642688035964966,32.514102935791016
220,THR,302,,18.56023597717285,,6.503190040588379,33.4786491394043
221,VAL,303,,16.97962188720703,,3.513352155685425,31.803112030029297
222,LEU,304,,18.954679489135742,,2.6542322635650635,33.480552673339844
223,LEU,305,,14.12939167022705,,2.974079132080078,28.204193115234375
224,GLU,306,,19.190006256103516,,3.216096878051758,32.663631439208984
225,SER,307,,15.944705963134766,,4.7456254959106445,29.033485412597656
226,GLU,308,,9.382455825805664,,2.682337999343872,22.142314910888672
227,GLU,309,,11.195568084716797,,4.787465572357178,21.61515235900879
228,GLU,310,,16.776172637939453,,7.479002475738525,28.28241729736328
229,ALA,311,,19.903963088989258,,7.682589530944824,31.083574295043945
230,ASP,312,,20.064619064331055,,2.4189364910125732,32.378787994384766
231,PRO,313,,22.76744842529297,,6.466460704803467,34.82936096191406
232,MET,314,,22.286792755126953,,3.584256410598755,35.27518081665039
233,ALA,315,,18.82894515991211,,4.034458160400391,32.00059509277344
234,ASP,316,,18.34514617919922,,6.657736301422119,29.967700958251953
235,GLU,317,,22.010967254638672,,2.454176187515259,34.01701736450195
236,ILE,318,,20.559371948242188,,4.060205459594727,33.22887420654297
237,ARG,319,,15.666818618774414,,2.7513387203216553,27.401020050048828
238,SER,320,,20.306962966918945,,4.893038272857666,31.866104125976562
239,ILE,321,,22.149036407470703,,3.7004778385162354,33.683563232421875
240,LEU,322,,18.779394149780273,,3.429046392440796,30.919260025024414
241,ASP,323,,17.184123992919922,,2.7473301887512207,27.98558807373047
242,GLY,324,,14.83626937866211,,3.062711238861084,26.97599983215332
243,HIS,325,,10.779838562011719,,2.88590931892395,23.788318634033203
244,LEU,326,,10.05284309387207,,7.334090709686279,23.777584075927734
245,TYR,327,,7.221927165985107,,5.354053020477295,22.31188201904297
246,LEU,328,,9.062799453735352,,4.0511603355407715,24.10972023010254
247,SER,329,,7.177840232849121,,3.7642977237701416,21.43941307067871
248,ARG,330,,10.509710311889648,,5.6792073249816895,24.754364013671875
249,LYS,331,,8.913402557373047,,6.403939247131348,19.684206008911133
250,LEU,332,,3.916957378387451,,4.556512832641602,18.265899658203125
251,ALA,333,,9.302504539489746,,5.735105991363525,23.644874572753906
252,GLY,334,,11.294443130493164,,7.99639892578125,24.910232543945312
253,GLN,335,,6.582310676574707,,5.297057151794434,18.862077713012695
254,GLY,336,,10.03961181640625,,4.339794635772705,23.653118133544922
255,HIS,337,,4.261819839477539,,2.7972488403320312,17.900222778320312
256,TYR,338,,8.99851131439209,,2.710326910018921,22.989898681640625
257,PRO,339,,6.794307231903076,,2.7963790893554688,21.56192398071289
258,ALA,340,,6.472632884979248,,2.61663556098938,21.953584671020508
259,ILE,341,,3.267430543899536,,2.7632651329040527,18.54628562927246
260,ASP,342,,3.7044928073883057,,2.680853843688965,17.26352882385254
261,VAL,343,,2.7943809032440186,,3.2595367431640625,15.507222175598145
262,LEU,344,,4.335278034210205,,2.9358315467834473,12.325340270996094
263,LYS,345,,6.410767555236816,,3.2325854301452637,17.994712829589844
264,SER,346,,7.141713619232178,,4.8400468826293945,19.41554069519043
265,VAL,347,,10.18825626373291,,3.61011004447937,21.567235946655273
266,SER,348,,12.684396743774414,,2.7580459117889404,22.934114456176758
267,ARG,349,,16.01021385192871,,2.6626229286193848,25.59879493713379
268,VAL,350,,18.03635597229004,,3.479064464569092,26.331743240356445
269,PHE,351,,13.999659538269043,,3.529846668243408,19.649234771728516
270,GLY,352,,18.33958625793457,,2.6006791591644287,24.225425720214844
271,GLN,353,,20.930419921875,,2.896120309829712,26.712970733642578
272,VAL,354,,19.121715545654297,,2.7676539421081543,26.81162452697754
273,THR,355,,17.610315322875977,,2.8446545600891113,23.148099899291992
274,THR,356,,20.544326782226562,,2.9329323768615723,22.660268783569336
275,PRO,357,,20.814697265625,,3.357994794845581,20.55680274963379
276,THR,358,,19.02496337890625,,2.647144079208374,18.600658416748047
277,HIS,359,,15.019698143005371,,2.773360013961792,18.010467529296875
278,ALA,360,,16.259429931640625,,3.306220054626465,17.086040496826172
279,GLU,361,,16.45875358581543,,5.885133266448975,14.537449836730957
280,GLN,362,,13.693965911865234,,4.956047058105469,13.18225383758545
281,ALA,363,,11.596147537231445,,3.9119348526000977,13.441991806030273
282,SER,364,,13.030301094055176,,2.663834571838379,11.606630325317383
283,ALA,365,,12.469749450683594,,3.5108656883239746,8.755422592163086
284,VAL,366,,9.048759460449219,,5.926521301269531,9.342350006103516
285,ARG,367,,8.044950485229492,,2.5530741214752197,9.665067672729492
286,LYS,368,,10.88132381439209,,3.2051234245300293,6.777082443237305
287,LEU,369,,8.829691886901855,,6.388156890869141,4.0373616218566895
288,MET,370,,3.435985803604126,,3.7801363468170166,7.496916770935059
289,THR,371,,7.932499885559082,,6.569248676300049,7.814579486846924
290,ARG,372,,9.957568168640137,,8.69936466217041,3.0365655422210693
291,LEU,373,,7.459385395050049,,4.810306072235107,5.055636882781982
292,GLU,374,,6.490591526031494,,5.394787788391113,8.38657283782959
293,GLU,375,,9.495506286621094,,9.512112617492676,8.906463623046875
294,LEU,376,,11.363105773925781,,10.483736038208008,5.1378350257873535
295,GLN,377,,8.21238899230957,,7.739851474761963,9.603240966796875
296,LEU,378,,10.856951713562012,,10.832511901855469,12.325681686401367
297,PHE,379,,13.448490142822266,,13.170557022094727,11.566485404968262
298,ILE,380,,14.354426383972168,,13.024270057678223,10.800972938537598
299,ASP,381,,11.528044700622559,,11.07710075378418,13.038383483886719
300,LEU,382,,15.410167694091797,,15.19813060760498,16.728084564208984
301,GLY,383,,17.76274299621582,,17.331151962280273,17.33004379272461
302,GLU,384,,18.920549392700195,,18.38398551940918,17.98748207092285
303,TYR,385,,15.106537818908691,,10.308784484863281,13.056031227111816
304,ARG,386,,18.72953987121582,,14.582503318786621,16.137147903442383
305,PRO,387,,17.732372283935547,,12.116510391235352,16.505985260009766
306,GLY,388,,19.944353103637695,,13.623815536499023,16.295726776123047
307,GLU,389,,21.55259895324707,,15.811992645263672,15.701764106750488
308,ASN,390,,18.882474899291992,,12.85506820678711,11.250810623168945
309,ILE,391,,18.239761352539062,,9.700726509094238,10.132798194885254
310,ASP,392,,15.91521167755127,,9.848746299743652,7.05976676940918
311,ASN,393,,13.926742553710938,,9.875842094421387,8.775501251220703
312,ASP,394,,14.03878402709961,,6.963581085205078,9.643726348876953
313,ARG,395,,12.858333587646484,,5.418975353240967,2.603412389755249
314,ALA,396,,9.956853866577148,,7.4605302810668945,5.252825736999512
315,MET,397,,9.2705717086792,,5.136413097381592,7.919907569885254
316,GLN,398,,9.91146183013916,,2.8254261016845703,9.610276222229004
317,MET,399,,7.834211349487305,,3.720640182495117,6.253085136413574
318,ARG,400,,4.955549240112305,,3.348080635070801,8.067500114440918
319,ASP,401,,6.920278072357178,,4.074191093444824,10.875192642211914
320,SER,402,,7.725093364715576,,2.667795419692993,11.723941802978516
321,LEU,403,,5.325152397155762,,4.058257579803467,9.779187202453613
322,LYS,404,,3.3075802326202393,,3.717373847961426,12.887624740600586
323,ALA,405,,6.361866474151611,,2.9265222549438477,15.312065124511719
324,TRP,406,,8.09528636932373,,3.527618885040283,15.432610511779785
325,LEU,407,,3.8113908767700195,,2.798288106918335,14.42569637298584
326,CYS,408,,7.314916610717773,,2.7378811836242676,18.667112350463867
327,GLN,409,,10.27102279663086,,2.6790897846221924,22.152902603149414
328,PRO,410,,13.389607429504395,,2.873161792755127,24.93257713317871
329,VAL,411,,16.303733825683594,,2.879352331161499,28.725553512573242
330,ALA,412,,19.13958168029785,,2.7280962467193604,30.378726959228516
331,GLN,413,,14.587496757507324,,2.6901183128356934,23.95318603515625
332,TYR,414,,18.435659408569336,,2.8491804599761963,27.41214942932129
333,SER,415,,16.109390258789062,,2.7519683837890625,23.37102508544922
334,SER,416,,18.56786346435547,,2.9516677856445312,24.783205032348633
335,PHE,417,,17.461669921875,,3.0058343410491943,23.559419631958008
336,ASP,418,,19.81201934814453,,2.6602632999420166,22.838802337646484
337,ASP,419,,17.169858932495117,,2.352400779724121,20.78920555114746
338,THR,420,,13.997318267822266,,2.739192008972168,18.819141387939453
339,LEU,421,,16.857967376708984,,3.386798620223999,18.422916412353516
340,SER,422,,17.11528778076172,,2.5308237075805664,17.174875259399414
341,GLY,423,,13.788663864135742,,4.57686710357666,14.503859519958496
342,MET,424,,11.431171417236328,,5.991574764251709,13.59423828125
343,ASN,425,,16.083417892456055,,3.0734548568725586,13.587172508239746
344,ALA,426,,14.88719367980957,,3.7267141342163086,11.259675979614258
345,PHE,427,,9.732522010803223,,6.40482234954834,8.734729766845703
346,ALA,428,,14.170245170593262,,4.601110935211182,9.613314628601074
347,ASP,429,,16.721086502075195,,3.177637815475464,9.041104316711426
348,GLN,430,,13.701322555541992,,5.319578170776367,5.524059295654297
349,ASN,431,,13.887837409973145,,2.9600226879119873,5.717800140380859
350,SER,432,,17.254465103149414,,4.615322589874268,7.135889053344727
351,ALA,433,,16.882226943969727,,7.820699691772461,3.706921339035034
