,AA_name,AA_num,FMN,GOL, BR,water_distance
0,PRO,39,25.86272621154785,11.102266311645508,20.97817039489746,8.702868461608887
1,GLY,40,25.99720001220703,8.475265502929688,20.251266479492188,7.1868414878845215
2,HIS,41,19.7426700592041,7.231212139129639,17.581947326660156,3.0130815505981445
3,LEU,42,24.581954956054688,2.325747013092041,14.239474296569824,4.765617370605469
4,ARG,43,24.927465438842773,5.95589017868042,19.694299697875977,2.0002377033233643
5,ASP,44,19.153615951538086,7.350773334503174,18.601837158203125,2.1406097412109375
6,LYS,45,21.307058334350586,3.0270938873291016,9.814677238464355,2.316757917404175
7,GLN,46,24.798728942871094,2.4353933334350586,17.881967544555664,2.177624464035034
8,SER,47,23.51516342163086,7.089128494262695,20.1574649810791,2.2193691730499268
9,LYS,48,17.104774475097656,7.95622444152832,17.001197814941406,3.6062259674072266
10,ILE,49,23.11465072631836,3.7166850566864014,14.122527122497559,4.8105597496032715
11,LEU,50,25.448156356811523,7.9246954917907715,20.070751190185547,3.3481266498565674
12,GLN,51,20.709814071655273,10.803877830505371,21.128202438354492,2.745955467224121
13,VAL,52,20.338056564331055,10.53952693939209,16.900432586669922,2.546083688735962
14,ALA,53,24.887540817260742,11.234082221984863,20.36318588256836,3.034425735473633
15,GLY,54,25.742244720458984,14.441954612731934,23.170400619506836,2.752488851547241
16,ILE,55,27.590187072753906,11.374557495117188,23.496610641479492,2.595552444458008
17,GLU,56,28.05571937561035,15.228296279907227,27.62215232849121,2.1804285049438477
18,ALA,57,28.280649185180664,12.240886688232422,25.913604736328125,2.453105926513672
19,LYS,58,29.07952117919922,15.068090438842773,29.104812622070312,2.7541284561157227
20,GLY,59,29.075998306274414,12.452688217163086,28.134666442871094,2.140500545501709
21,SER,60,29.642663955688477,10.056052207946777,26.65022850036621,3.8139748573303223
22,LYS,61,33.02206039428711,11.228795051574707,28.69654083251953,3.0179765224456787
23,GLN,62,32.56148910522461,11.01358413696289,27.345190048217773,2.2782154083251953
24,ILE,63,27.352527618408203,7.040140628814697,22.79879379272461,2.738023042678833
25,VAL,64,31.62409782409668,6.08527135848999,23.7736873626709,2.8834497928619385
26,GLU,65,34.384281158447266,9.370092391967773,26.838773727416992,2.8731868267059326
27,LEU,66,32.313114166259766,9.449665069580078,24.8162899017334,4.908524036407471
28,PHE,67,27.465980529785156,2.388042688369751,16.986936569213867,3.0069940090179443
29,ASN,68,33.87264633178711,5.904149055480957,23.18243980407715,2.164989709854126
30,LYS,69,35.536476135253906,9.900315284729004,25.64784049987793,2.2708075046539307
31,SER,70,32.9192008972168,9.69680118560791,22.712055206298828,5.808474063873291
32,ILE,71,28.885086059570312,5.433854579925537,17.888280868530273,5.578884601593018
33,GLU,72,31.921293258666992,7.704116344451904,17.401935577392578,3.522907257080078
34,PRO,73,29.940034866333008,3.573481321334839,14.601804733276367,2.8818507194519043
35,ARG,74,30.23763656616211,8.030417442321777,12.477485656738281,1.9530518054962158
36,LEU,75,30.462514877319336,8.349539756774902,10.584651947021484,2.3623828887939453
37,VAL,76,29.079517364501953,12.205887794494629,9.561657905578613,4.352558612823486
38,ASP,77,30.981821060180664,15.905085563659668,10.57996654510498,2.676478385925293
39,PHE,78,24.347082138061523,12.996772766113281,4.234099388122559,2.83197283744812
40,ASN,79,30.3591251373291,19.827251434326172,10.918737411499023,2.1176388263702393
41,THR,80,32.90098571777344,20.4617977142334,13.464147567749023,3.497328519821167
42,GLY,81,31.221527099609375,18.21795082092285,13.2772855758667,2.7156503200531006
43,ASP,82,33.803062438964844,16.90952491760254,14.250899314880371,3.103428840637207
44,PHE,83,32.17833709716797,12.947835922241211,15.014965057373047,3.2125954627990723
45,VAL,84,33.801143646240234,13.48647403717041,12.87044906616211,2.455883026123047
46,GLU,85,37.16264343261719,13.612051963806152,16.16165542602539,2.1411173343658447
47,GLY,86,36.26294708251953,10.141535758972168,15.759003639221191,5.079230785369873
48,ASP,87,33.433555603027344,6.924217224121094,14.756305694580078,6.020646572113037
49,ALA,88,30.753461837768555,4.45096492767334,13.52153491973877,3.6069185733795166
50,ALA,89,30.6656551361084,2.0856974124908447,15.274371147155762,3.2331838607788086
51,ASN,90,31.087678909301758,4.258541584014893,13.832944869995117,6.708582878112793
52,TYR,91,27.57557487487793,5.411716461181641,6.369954586029053,2.8526535034179688
53,ASP,92,25.39124298095703,6.421092510223389,8.214837074279785,2.826944589614868
54,GLN,93,22.809415817260742,7.048089504241943,2.595829725265503,2.136819839477539
55,ARG,94,17.332901000976562,8.531380653381348,5.388695240020752,2.0671613216400146
56,LYS,95,25.113744735717773,10.170393943786621,7.907684326171875,2.6692910194396973
57,ALA,96,26.929161071777344,11.545218467712402,6.448384761810303,2.926682949066162
58,ALA,97,22.860082626342773,12.994911193847656,3.197460174560547,2.850876569747925
59,LYS,98,21.94624137878418,14.582756042480469,7.309897422790527,1.6099272966384888
60,GLU,99,27.863595962524414,15.826483726501465,8.847738265991211,2.6718931198120117
61,ALA,100,30.80013656616211,20.408584594726562,12.08910846710205,2.1448328495025635
62,SER,101,32.96379089355469,19.575244903564453,12.13818359375,3.1428754329681396
63,GLU,102,29.447399139404297,15.767805099487305,7.716210842132568,2.504472255706787
64,SER,103,26.572546005249023,16.84136199951172,6.452152729034424,2.7590670585632324
65,ILE,104,25.726533889770508,19.569013595581055,7.3747477531433105,2.420158624649048
66,LYS,105,24.340341567993164,22.673110961914062,9.775897026062012,2.1333138942718506
67,LEU,106,20.86397933959961,20.28349494934082,6.880218982696533,2.913111448287964
68,THR,107,22.92391014099121,26.330120086669922,12.779436111450195,1.9035063982009888
69,ALA,108,20.886940002441406,28.315263748168945,15.167644500732422,2.2501394748687744
70,GLU,109,21.81787109375,28.294614791870117,15.388777732849121,2.384143114089966
71,GLN,110,21.077051162719727,24.599544525146484,11.689543724060059,2.7068560123443604
72,ASP,111,17.566635131835938,22.313800811767578,9.696489334106445,2.683100461959839
73,LYS,112,14.807472229003906,24.114011764526367,12.034364700317383,1.448683261871338
74,ALA,113,13.645549774169922,20.031394958496094,9.138297080993652,2.066507339477539
75,LYS,114,13.421774864196777,21.224943161010742,10.1954345703125,2.9903109073638916
76,ILE,115,15.384529113769531,16.960752487182617,4.273905277252197,2.577272891998291
77,GLN,116,18.343990325927734,20.745933532714844,8.461997032165527,2.8032445907592773
78,ARG,117,20.832443237304688,17.744497299194336,4.597581386566162,1.8578171730041504
79,ARG,118,22.90732765197754,16.351333618164062,3.151496648788452,2.0581469535827637
80,ALA,119,24.22380828857422,13.28849983215332,2.5053343772888184,2.990546226501465
81,ASN,120,28.399669647216797,16.119304656982422,6.425342559814453,1.9532406330108643
82,VAL,121,27.602346420288086,12.082413673400879,6.043186664581299,2.4364120960235596
83,GLY,122,26.172706604003906,10.25377082824707,6.038974285125732,4.917140007019043
84,VAL,123,25.45547866821289,5.030451774597168,7.517866611480713,3.0195889472961426
85,VAL,124,25.861459732055664,7.4234209060668945,10.570242881774902,6.379916667938232
86,TYR,125,24.13199234008789,2.507246971130371,11.146682739257812,2.101308584213257
87,LEU,126,30.17376708984375,9.245413780212402,17.069608688354492,6.976658344268799
88,VAL,127,28.516469955444336,10.830348014831543,19.593732833862305,3.3546416759490967
89,LYS,128,33.57990646362305,11.757444381713867,22.392738342285156,5.219928741455078
90,ASP,129,36.19293212890625,16.037763595581055,26.530872344970703,3.845150947570801
91,GLY,130,39.23207473754883,16.53603172302246,27.800634384155273,4.221826553344727
92,ASP,131,40.04349136352539,17.717700958251953,27.11353302001953,2.255185842514038
93,LYS,132,35.959983825683594,16.815649032592773,25.994487762451172,5.270870208740234
94,THR,133,33.10350036621094,14.696062088012695,20.937639236450195,5.362969398498535
95,SER,134,31.7294864654541,16.029983520507812,23.46323585510254,2.0500142574310303
96,LYS,135,27.60466766357422,13.738513946533203,19.81110191345215,2.679436206817627
97,VAL,136,25.80978012084961,11.7525634765625,14.888625144958496,6.928114414215088
98,ILE,137,22.64299201965332,8.822992324829102,13.049378395080566,5.73765754699707
99,LEU,138,20.515993118286133,10.60676097869873,10.78023910522461,5.595019817352295
100,PRO,139,19.703248977661133,7.314996719360352,7.344996929168701,2.633608818054199
101,VAL,140,15.505438804626465,12.028700828552246,7.346213340759277,2.8665409088134766
102,HIS,141,14.216961860656738,12.535428047180176,3.7217984199523926,2.0431325435638428
103,GLY,142,10.807516098022461,16.564468383789062,9.209794044494629,3.3459408283233643
104,ASN,143,9.036782264709473,19.875871658325195,11.289458274841309,2.1584551334381104
105,GLY,144,6.0820817947387695,20.853395462036133,14.352781295776367,3.7393505573272705
106,LEU,145,2.8795645236968994,24.21853256225586,18.118146896362305,3.0759668350219727
107,TRP,146,2.3300960063934326,22.684255599975586,17.64788055419922,2.7688519954681396
108,SER,147,6.911448955535889,18.87909698486328,14.226412773132324,2.857632875442505
109,MET,148,10.722079277038574,15.324522018432617,8.817652702331543,2.1379072666168213
110,MET,149,6.76814079284668,15.089427947998047,10.540779113769531,2.6571528911590576
111,TYR,150,12.591114044189453,10.606900215148926,6.226992130279541,1.8214718103408813
112,ALA,151,13.655365943908691,11.391831398010254,10.524593353271484,3.1890745162963867
113,PHE,152,17.269067764282227,5.799628734588623,11.156570434570312,3.146883249282837
114,VAL,153,18.498477935791016,12.176945686340332,12.883700370788574,6.906334400177002
115,ALA,154,21.4641170501709,13.420258522033691,16.905309677124023,3.333103895187378
116,VAL,155,23.4447078704834,14.808015823364258,16.029329299926758,5.9202351570129395
117,GLU,156,27.07640266418457,18.39937973022461,20.899263381958008,2.5775363445281982
118,THR,157,31.068859100341797,18.4393310546875,21.895978927612305,2.1324758529663086
119,ASP,158,29.506237030029297,21.91533088684082,22.478252410888672,3.0863945484161377
120,GLY,159,27.66484260559082,19.747888565063477,19.327980041503906,5.123618125915527
121,ASN,160,25.086265563964844,21.62438201904297,20.387874603271484,2.4119951725006104
122,THR,161,25.380199432373047,20.098447799682617,21.4014949798584,3.3398890495300293
123,VAL,162,19.98040199279785,18.19725799560547,18.711788177490234,3.2083308696746826
124,SER,163,23.34139633178711,16.65163803100586,20.8341064453125,2.402374744415283
125,GLY,164,20.101089477539062,15.901660919189453,18.49827766418457,2.52093505859375
126,LEU,165,13.666129112243652,15.31447696685791,16.030742645263672,2.220987558364868
127,THR,166,15.513235092163086,11.5612154006958,15.375211715698242,2.7135305404663086
128,TYR,167,11.024828910827637,13.254168510437012,13.321005821228027,1.84169340133667
129,TYR,168,14.789239883422852,7.565394878387451,9.06109619140625,2.0081787109375
130,GLU,169,12.129590034484863,11.320791244506836,12.4658784866333,2.182384729385376
131,GLN,170,7.118972301483154,15.388518333435059,15.110260009765625,2.035160541534424
132,GLY,171,6.224264621734619,18.634418487548828,16.68440055847168,2.906778335571289
133,GLU,172,2.8519411087036133,20.7941951751709,17.847057342529297,2.8259389400482178
134,THR,173,2.269263982772827,24.80219078063965,22.70572280883789,2.846010684967041
135,PRO,174,5.990379810333252,23.992740631103516,24.398483276367188,2.6642298698425293
136,GLY,175,6.918079376220703,25.893831253051758,26.429187774658203,1.866078495979309
137,LEU,176,2.9475653171539307,26.331581115722656,24.586137771606445,2.908951759338379
138,GLY,177,2.5023703575134277,22.870786666870117,20.95121192932129,4.852931499481201
139,GLY,178,4.552712917327881,21.57816505432129,21.30299949645996,2.595412015914917
140,GLU,179,6.554466247558594,22.740392684936523,22.778749465942383,2.565077066421509
141,VAL,180,6.579476833343506,18.847517013549805,17.782838821411133,2.6838412284851074
142,GLU,181,9.860262870788574,17.10030746459961,19.899961471557617,2.578089714050293
143,ASN,182,11.382604598999023,21.345430374145508,23.47093391418457,5.021732807159424
144,PRO,183,15.496113777160645,20.76805877685547,25.16336441040039,2.9047083854675293
145,ALA,184,16.01610565185547,23.904499053955078,26.949962615966797,2.652751922607422
146,TRP,185,10.765839576721191,19.84124183654785,18.629318237304688,3.0400893688201904
147,ARG,186,14.011563301086426,16.544170379638672,20.600805282592773,1.9185590744018555
148,ALA,187,17.46617317199707,22.1534481048584,24.949440002441406,2.810081958770752
149,GLN,188,14.357206344604492,24.08279037475586,25.016212463378906,2.828674793243408
150,TRP,189,13.229743003845215,20.553892135620117,17.836336135864258,3.7949700355529785
151,VAL,190,20.554126739501953,20.592010498046875,23.931089401245117,3.0643718242645264
152,GLY,191,23.870027542114258,22.749347686767578,24.59369468688965,3.1579620838165283
153,LYS,192,19.03322410583496,23.4024600982666,22.547151565551758,2.8636300563812256
154,LYS,193,22.42280387878418,24.408275604248047,21.936765670776367,1.557451605796814
155,LEU,194,20.591461181640625,18.999961853027344,16.36615753173828,5.557535171508789
156,PHE,195,24.5327205657959,21.572010040283203,16.183876037597656,2.8912811279296875
157,ASP,196,25.032291412353516,28.711101531982422,23.152040481567383,3.1866865158081055
158,GLU,197,28.51202964782715,31.535951614379883,26.812618255615234,3.476234197616577
159,ASN,198,28.817672729492188,31.136991500854492,24.40761947631836,4.075587272644043
160,HIS,199,28.206138610839844,27.512310028076172,20.8665771484375,2.8316526412963867
161,LYS,200,24.106800079345703,27.811635971069336,20.585458755493164,2.8798439502716064
162,PRO,201,21.446033477783203,24.646202087402344,16.757394790649414,2.179598808288574
163,ALA,202,19.472064971923828,26.13870620727539,19.986595153808594,2.832536458969116
164,ILE,203,16.04602813720703,22.648670196533203,18.35112190246582,3.049368143081665
165,LYS,204,14.312970161437988,27.250181198120117,21.494192123413086,3.136255979537964
166,ILE,205,9.461191177368164,23.703378677368164,19.057601928710938,2.8603806495666504
167,VAL,206,9.62966251373291,29.42677879333496,24.667512893676758,2.649818181991577
168,LYS,207,3.016488790512085,32.43428421020508,26.642562866210938,2.4969332218170166
169,GLY,208,6.731326103210449,33.63561248779297,29.047853469848633,1.681053638458252
170,GLY,209,9.507413864135742,32.208065032958984,28.99403953552246,3.444143295288086
171,ALA,210,13.211305618286133,30.54357147216797,27.273372650146484,3.1884987354278564
172,PRO,211,15.36616325378418,33.40531539916992,29.702945709228516,5.201991558074951
173,GLN,212,19.170984268188477,33.854248046875,32.915138244628906,5.906406879425049
174,GLY,213,21.327098846435547,33.70750045776367,31.8936767578125,4.478503704071045
175,SER,214,18.929704666137695,30.407861709594727,28.220108032226562,2.273787021636963
176,GLU,215,22.127559661865234,27.71512794494629,25.456857681274414,2.41723895072937
177,HIS,216,18.226926803588867,27.429683685302734,23.401636123657227,2.423823595046997
178,GLY,217,16.458959579467773,28.48267936706543,24.83866310119629,3.8166379928588867
179,VAL,218,12.893815040588379,24.18540382385254,21.641876220703125,3.3739702701568604
180,ASP,219,11.17630386352539,27.1498966217041,24.279830932617188,2.386195659637451
181,GLY,220,8.211280822753906,27.88338279724121,23.79751968383789,2.397569179534912
182,LEU,221,5.2089033126831055,23.935503005981445,21.242151260375977,2.9066786766052246
183,SER,222,5.6058030128479,30.152862548828125,27.643115997314453,2.257469415664673
184,GLY,223,2.5994620323181152,31.831195831298828,27.853605270385742,2.015193223953247
185,ALA,224,2.531984806060791,27.790433883666992,23.545095443725586,3.6515400409698486
186,THR,225,1.5970290899276733,29.036916732788086,22.549787521362305,2.618669033050537
187,LEU,226,1.9573701620101929,26.464950561523438,19.63487434387207,2.822585105895996
188,THR,227,1.7307002544403076,22.83292579650879,18.370990753173828,4.7738938331604
189,SER,228,4.115869045257568,25.373811721801758,19.179553985595703,3.0436155796051025
190,ASN,229,6.002449989318848,25.38535499572754,17.245941162109375,2.0543155670166016
191,GLY,230,6.854913234710693,21.90292739868164,14.285565376281738,2.7761573791503906
192,VAL,231,7.726126194000244,20.744707107543945,15.010722160339355,3.6876168251037598
193,GLN,232,10.098382949829102,23.855567932128906,15.60041618347168,3.451075792312622
194,ASN,233,11.126507759094238,22.327882766723633,12.593317031860352,2.2478549480438232
195,THR,234,11.714816093444824,17.365074157714844,9.949209213256836,2.9323346614837646
196,PHE,235,14.066886901855469,17.83953285217285,12.83364486694336,4.426150798797607
197,ASP,236,15.630629539489746,23.001712799072266,13.384148597717285,2.616396903991699
198,PHE,237,17.40089988708496,18.047025680541992,6.006509304046631,2.6727938652038574
199,TRP,238,16.8288516998291,14.650351524353027,3.2789344787597656,3.3091418743133545
200,LEU,239,19.95370864868164,19.338226318359375,12.129408836364746,2.742007255554199
201,GLY,240,22.216629028320312,21.873044967651367,12.416059494018555,2.6118381023406982
202,ASP,241,25.52650260925293,22.999727249145508,12.48083209991455,2.1649398803710938
203,MET,242,24.067285537719727,19.673233032226562,8.057175636291504,2.191183567047119
204,GLY,243,22.983442306518555,18.29143524169922,7.899453163146973,2.8936004638671875
205,PHE,244,22.26258659362793,11.64427661895752,7.9202351570129395,2.715372085571289
206,GLY,245,25.44522476196289,19.980737686157227,12.091259956359863,2.656480550765991
207,PRO,246,27.802200317382812,20.539447784423828,12.387059211730957,2.6544556617736816
208,PHE,247,27.60630226135254,14.308637619018555,12.757227897644043,2.1777758598327637
209,LEU,248,24.434764862060547,17.102413177490234,14.280532836914062,3.6382529735565186
210,THR,249,30.273162841796875,21.748449325561523,17.153501510620117,2.8045971393585205
211,LYS,250,32.54580307006836,20.24131965637207,17.762130737304688,2.1570165157318115
212,VAL,251,30.056011199951172,17.179428100585938,17.23259925842285,2.8751964569091797
213,ARG,252,30.451494216918945,22.084848403930664,20.445697784423828,2.285820484161377
214,ASP,253,35.01138687133789,24.159923553466797,22.575817108154297,3.026214599609375
215,GLY,254,36.08827590942383,22.934534072875977,23.83649444580078,3.118687391281128
216,GLY,255,36.02067565917969,19.588621139526367,21.52920913696289,3.060837984085083
217,LEU,256,31.234161376953125,15.708914756774902,18.220943450927734,1.8884223699569702
218,ASN,257,36.510929107666016,19.736167907714844,24.559614181518555,2.481382369995117
