,AA_name,AA_num
0,ARG,60
1,PRO,61
2,GLY,62
3,GLU,63
4,PRO,64
5,VAL,65
6,VAL,66
7,GLY,67
8,THR,68
9,GLY,69
10,ALA,70
11,SER,71
12,LEU,72
13,SER,73
14,VAL,74
15,GLU,75
16,LEU,76
17,GLY,77
18,PRO,78
19,GLY,79
20,LEU,80
21,LEU,81
22,THR,82
23,SER,83
24,ILE,84
25,TYR,85
26,ASP,86
27,GLY,87
28,ILE,88
29,GLN,89
30,ARG,90
31,PRO,91
32,LEU,92
33,GLU,93
34,VAL,94
35,ILE,95
36,ARG,96
37,GLU,97
38,LYS,98
39,THR,99
40,GLY,100
41,ASP,101
42,PHE,102
43,ILE,103
44,ALA,104
45,ARG,105
46,GLY,106
47,VAL,107
48,THR,108
49,ALA,109
50,PRO,110
51,ALA,111
52,LEU,112
53,PRO,113
54,ARG,114
55,ASP,115
56,LYS,116
57,LYS,117
58,TRP,118
59,HIS,119
60,PHE,120
61,ILE,121
62,PRO,122
63,LYS,123
64,ALA,124
65,LYS,125
66,VAL,126
67,GLY,127
68,ASP,128
69,LYS,129
70,VAL,130
71,VAL,131
72,GLY,132
73,GLY,133
74,ASP,134
75,ILE,135
76,ILE,136
77,GLY,137
78,GLU,138
79,VAL,139
80,PRO,140
81,GLU,141
82,THR,142
83,SER,143
84,ILE,144
85,ILE,145
86,VAL,146
87,HIS,147
88,LYS,148
89,ILE,149
90,MET,150
91,VAL,151
92,PRO,152
93,PRO,153
94,GLY,154
95,ILE,155
96,GLU,156
97,GLY,157
98,GLU,158
99,ILE,159
100,VAL,160
101,GLU,161
102,ILE,162
103,ALA,163
104,GLU,164
105,GLU,165
106,GLY,166
107,ASP,167
108,TYR,168
109,THR,169
110,ILE,170
111,GLU,171
112,GLU,172
113,VAL,173
114,ILE,174
115,ALA,175
116,LYS,176
117,VAL,177
118,LYS,178
119,THR,179
120,PRO,180
121,SER,181
122,GLY,182
123,GLU,183
124,ILE,184
125,LYS,185
126,GLU,186
127,LEU,187
128,LYS,188
129,MET,189
130,TYR,190
131,GLN,191
132,ARG,192
133,TRP,193
134,PRO,194
135,VAL,195
136,ARG,196
137,VAL,197
138,LYS,198
139,ARG,199
140,PRO,200
141,TYR,201
142,LYS,202
143,GLU,203
144,LYS,204
145,LEU,205
146,PRO,206
147,PRO,207
148,GLU,208
149,VAL,209
150,PRO,210
151,LEU,211
152,ILE,212
153,THR,213
154,GLY,214
155,GLN,215
156,ARG,216
157,VAL,217
158,ILE,218
159,ASP,219
160,THR,220
161,PHE,221
162,PHE,222
163,PRO,223
164,GLN,224
165,ALA,225
166,LYS,226
167,GLY,227
168,GLY,228
169,THR,229
170,ALA,230
171,ALA,231
172,ILE,232
173,PRO,233
174,GLY,234
175,PRO,235
176,PHE,236
177,GLY,237
178,SER,238
179,GLY,239
180,LYS,240
181,THR,241
182,VAL,242
183,THR,243
184,GLN,244
185,HIS,245
186,GLN,246
187,LEU,247
188,ALA,248
189,LYS,249
190,TRP,250
191,SER,251
192,ASP,252
193,ALA,253
194,GLN,254
195,VAL,255
196,VAL,256
197,ILE,257
198,TYR,258
199,ILE,259
200,GLY,260
201,CYS,261
202,GLY,262
203,GLU,263
204,ARG,264
205,GLY,265
206,ASN,266
207,GLU,267
208,MET,268
209,THR,269
210,ASP,270
211,VAL,271
212,LEU,272
213,GLU,273
214,GLU,274
215,PHE,275
216,PRO,276
217,LYS,277
218,LEU,278
219,LYS,279
220,ASP,280
221,PRO,281
222,LYS,282
223,THR,283
224,GLY,284
225,LYS,285
226,PRO,286
227,LEU,287
228,MET,288
229,GLU,289
230,ARG,290
231,THR,291
232,VAL,292
233,LEU,293
234,ILE,294
235,ALA,295
236,ASN,296
237,THR,297
238,SER,298
239,ASN,299
240,MET,300
241,PRO,301
242,VAL,302
243,ALA,303
244,ALA,304
245,ARG,305
246,GLU,306
247,ALA,307
248,SER,308
249,ILE,309
250,TYR,310
251,THR,311
252,GLY,312
253,ILE,313
254,THR,314
255,ILE,315
256,ALA,316
257,GLU,317
258,TYR,318
259,PHE,319
260,ARG,320
261,ASP,321
262,MET,322
263,GLY,323
264,TYR,324
265,ASP,325
266,VAL,326
267,ALA,327
268,LEU,328
269,MET,329
270,ALA,330
271,ASP,331
272,SER,332
273,THR,333
274,SER,334
275,ARG,335
276,TRP,336
277,ALA,337
278,GLU,338
279,ALA,339
280,LEU,340
281,PRO,357
282,ALA,358
283,TYR,359
284,LEU,360
285,ALA,361
286,SER,362
287,LYS,363
288,LEU,364
289,ALA,365
290,GLU,366
291,PHE,367
292,TYR,368
293,GLU,369
294,ARG,370
295,ALA,371
296,GLY,372
297,ARG,373
298,VAL,374
299,VAL,375
300,THR,376
301,LEU,377
302,GLY,378
303,SER,379
304,ASP,380
305,TYR,381
306,ARG,382
307,VAL,383
308,GLY,384
309,SER,385
310,VAL,386
311,SER,387
312,VAL,388
313,ILE,389
314,GLY,390
315,ALA,391
316,VAL,392
317,SER,393
318,PRO,394
319,PRO,395
320,GLY,396
321,GLY,397
322,ASP,398
323,PHE,399
324,SER,400
325,GLU,401
326,PRO,402
327,VAL,403
328,VAL,404
329,GLN,405
330,ASN,406
331,THR,407
332,LEU,408
333,ARG,409
334,VAL,410
335,VAL,411
336,LYS,412
337,VAL,413
338,PHE,414
339,TRP,415
340,ALA,416
341,LEU,417
342,ASP,418
343,ALA,419
344,ASP,420
345,LEU,421
346,ALA,422
347,ARG,423
348,ARG,424
349,ARG,425
350,HIS,426
351,PHE,427
352,PRO,428
353,ALA,429
354,ILE,430
355,ASN,431
356,TRP,432
357,LEU,433
358,THR,434
359,SER,435
360,TYR,436
361,SER,437
362,LEU,438
363,TYR,439
364,VAL,440
365,ASP,441
366,ALA,442
367,VAL,443
368,LYS,444
369,ASP,445
370,TRP,446
371,TRP,447
372,HIS,448
373,LYS,449
374,ASN,450
375,ILE,451
376,ASP,452
377,PRO,453
378,GLU,454
379,TRP,455
380,LYS,456
381,ALA,457
382,MET,458
383,ARG,459
384,ASP,460
385,LYS,461
386,ALA,462
387,MET,463
388,ALA,464
389,LEU,465
390,LEU,466
391,GLN,467
392,LYS,468
393,GLU,469
394,SER,470
395,GLU,471
396,LEU,472
397,GLN,473
398,GLU,474
399,ILE,475
400,VAL,476
401,ARG,477
402,ILE,478
403,VAL,479
404,GLY,480
405,PRO,481
406,ASP,482
407,ALA,483
408,LEU,484
409,PRO,485
410,GLU,486
411,ARG,487
412,GLU,488
413,ARG,489
414,ALA,490
415,ILE,491
416,LEU,492
417,LEU,493
418,VAL,494
419,ALA,495
420,ARG,496
421,MET,497
422,LEU,498
423,ARG,499
424,GLU,500
425,ASP,501
426,TYR,502
427,LEU,503
428,GLN,504
429,GLN,505
430,ASP,506
431,ALA,507
432,PHE,508
433,ASP,509
434,GLU,510
435,VAL,511
436,ASP,512
437,THR,513
438,TYR,514
439,CYS,515
440,PRO,516
441,PRO,517
442,GLU,518
443,LYS,519
444,GLN,520
445,VAL,521
446,THR,522
447,MET,523
448,MET,524
449,ARG,525
450,VAL,526
451,LEU,527
452,LEU,528
453,ASN,529
454,PHE,530
455,TYR,531
456,ASP,532
457,LYS,533
458,THR,534
459,MET,535
460,GLU,536
461,ALA,537
462,ILE,538
463,ASN,539
464,ARG,540
465,GLY,541
466,VAL,542
467,PRO,543
468,LEU,544
469,GLU,545
470,GLU,546
471,ILE,547
472,ALA,548
473,LYS,549
474,LEU,550
475,PRO,551
476,VAL,552
477,ARG,553
478,GLU,554
479,GLU,555
480,ILE,556
481,GLY,557
482,ARG,558
483,MET,559
484,LYS,560
485,PHE,561
486,GLU,562
487,ARG,563
488,ASP,564
489,VAL,565
490,SER,566
491,LYS,567
492,ILE,568
493,ARG,569
494,SER,570
495,LEU,571
496,ILE,572
497,ASP,573
498,LYS,574
499,THR,575
500,ASN,576
501,GLU,577
502,GLN,578
503,PHE,579
504,GLU,580
505,GLU,581
506,LEU,582
507,PHE,583
508,LYS,584
509,LYS,585
510,TYR,586
511,GLY,587
512,ALA,588
